kecamatan,kabkota,penduduk,tanpa_akses,akses_rendah,akses_rendah_memadai,akses_rendah_tipis,defisit_aset,akses_per100rb,pct_akses_rendah,jarak_aset_median_m,tanpa_nonkul_sama_sekali,pct_pend_400m_halte,pct_pend_800m_stasiun,pct_kebutuhan_400m_halte,pct_penduduk_data_tipis,luas_km2,n_aset,n_nonkul,pangsa_nonkul,ci_bawah,ci_atas,entropi_raref,kekayaan_raref,status_ragam,n_aset_ovt,pangsa_nonkul_ovt,entropi_raref_ovt,status_ragam_ovt,penduduk_worldpop,penduduk_resmi,kuliner_per10rb,frek_top9,frek_lokasi_simpul,peringkat_kebutuhan,peringkat_semua,akses_nonkul_per100rb,IKIK,status
Cakung,Jakarta Timur,582775.0,7724.7563,367891.6381,367891.6381,0.0,44.0443,7.5453,0.6313,525.9601,0.0,0.5907,0.0954,0.6196,0.0,40.3952,15,1,0.0667,0.0119,0.2982,,,setara pangsa kota,510,0.1765,0.2947,setara pangsa kota,550794.7687,582775.0,0.2402,1.0,1.0,1,1,16.4149,0.4524,Prioritas utama
Kalideres,Jakarta Barat,461389.0,0.0,315005.5956,315005.5956,0.0,39.893,5.9315,0.6827,521.0944,0.0,0.2184,0.0778,0.1534,0.0,29.6991,18,2,0.1111,0.031,0.328,,,setara pangsa kota,455,0.1297,0.2311,setara pangsa kota,481194.5889,461389.0,0.3468,1.0,1.0,2,2,13.7835,0.131,Prioritas utama
Cengkareng,Jakarta Barat,575401.0,0.0,304741.4377,304741.4377,0.0,42.1491,7.2539,0.5296,389.3347,0.0,0.3091,0.1876,0.1948,0.0359,25.6949,57,13,0.2281,0.1384,0.3521,0.2731,2.897,di atas pangsa kota,565,0.1434,0.2493,setara pangsa kota,486364.3087,575401.0,0.7647,0.9583,0.7083,3,3,19.7542,0.2381,Prioritas utama
Cilincing,Jakarta Utara,445729.0,40293.2703,261762.1731,261762.1731,0.0,37.7844,7.1073,0.5873,558.4937,2160.8657,0.3159,0.0071,0.3261,0.002,42.0727,19,6,0.3158,0.1536,0.5399,,,di atas pangsa kota,192,0.1875,0.2961,setara pangsa kota,353372.0285,445729.0,0.2917,1.0,0.7292,4,4,11.5281,0.4405,Prioritas utama
Koja,Jakarta Utara,342279.0,0.0,106299.9512,100906.0854,5393.8658,22.335,8.1555,0.3106,310.8737,0.0,0.2551,0.0,0.263,0.1681,11.3153,12,7,0.5833,0.3195,0.8067,,,di atas pangsa kota,300,0.12,0.2126,setara pangsa kota,236957.2875,342279.0,0.1461,0.7292,0.6042,5,5,14.7736,0.0952,Prioritas lanjutan
Cipayung,Jakarta Timur,306380.0,0.0,74798.4696,74798.4696,0.0,11.795,28.8608,0.2441,377.1914,0.0,0.5206,0.0793,0.1506,0.0,28.5417,30,7,0.2333,0.1179,0.4093,0.2557,2.6663,setara pangsa kota,388,0.1546,0.282,setara pangsa kota,375915.115,306380.0,0.7507,1.0,0.5,6,6,20.9466,0.3571,Prioritas utama
Tanjung Priok,Jakarta Utara,406441.0,18.8764,54733.7197,54733.7197,0.0,16.7372,11.8786,0.1347,374.4997,52.6916,0.6702,0.1104,0.5631,0.0628,22.695,42,7,0.1667,0.0832,0.306,0.2512,3.7706,setara pangsa kota,664,0.1114,0.2079,di bawah pangsa kota,410894.8748,406441.0,0.8611,0.9167,0.2917,7,7,25.7397,0.2262,Prioritas utama
Penjaringan,Jakarta Utara,326085.0,5.7969,48372.7646,48372.7646,0.0,7.9266,20.3808,0.1483,389.7695,5.7969,0.522,0.0196,0.2701,0.0268,35.4753,107,4,0.0374,0.0146,0.0922,0.0598,1.6529,di bawah pangsa kota,1170,0.1393,0.2403,setara pangsa kota,400591.7916,326085.0,3.1587,0.3542,0.2083,8,8,45.9241,0.4524,-
Duren Sawit,Jakarta Timur,444385.0,0.0,47893.2646,44758.6399,3134.6247,19.6136,10.1638,0.1078,306.3314,0.0,0.8685,0.1329,0.9275,0.0775,22.0237,31,0,0.0,0.0,0.1103,0.0,1.0,di bawah pangsa kota,767,0.1447,0.2553,setara pangsa kota,510911.452,444385.0,0.6976,0.3125,0.0417,9,9,21.8191,0.2976,-
Pasar Rebo,Jakarta Timur,235851.0,0.0,37361.4293,37361.4293,0.0,11.0451,10.7254,0.1584,340.3378,0.0,0.6858,0.002,0.7377,0.0,12.6346,19,5,0.2632,0.1181,0.4879,,,setara pangsa kota,249,0.1647,0.2895,setara pangsa kota,227871.734,235851.0,0.5936,0.125,0.0,10,10,20.4961,0.4048,-
Pesanggrahan,Jakarta Selatan,263379.0,0.0,35822.7992,35822.7992,0.0,11.5633,10.6474,0.136,345.6264,0.0,0.6641,0.0,0.4559,0.0531,13.3997,37,5,0.1351,0.0591,0.2798,0.1794,2.5045,setara pangsa kota,427,0.1569,0.2799,setara pangsa kota,241296.3822,263379.0,1.215,0.125,0.1458,11,11,28.4593,0.4643,-
Ciracas,Jakarta Timur,319431.0,0.0,28721.7067,28721.7067,0.0,12.3866,11.5351,0.0899,348.8723,0.0,0.6827,0.1139,0.6306,0.0103,16.5411,24,6,0.25,0.12,0.449,0.356,4.498,setara pangsa kota,351,0.151,0.2686,setara pangsa kota,304055.0422,319431.0,0.5635,0.6875,0.0833,12,13,17.6295,0.2857,Prioritas lanjutan
Tambora,Jakarta Barat,252941.0,0.0,32061.0858,25545.9371,6515.1487,5.5666,15.8248,0.1268,344.3858,0.0,0.6819,0.7548,0.3926,0.0967,5.4352,27,6,0.2222,0.1061,0.4076,0.2757,2.9382,setara pangsa kota,324,0.1636,0.2457,setara pangsa kota,135857.3074,252941.0,0.8302,0.0417,0.1875,13,12,36.6179,0.5833,-
Kembangan,Jakarta Barat,308493.0,0.0,13014.2855,13014.2855,0.0,6.4837,18.0454,0.0422,357.8369,0.0,0.5138,0.0249,0.3405,0.0338,25.0535,29,5,0.1724,0.076,0.3455,0.268,3.9803,setara pangsa kota,827,0.1511,0.2688,setara pangsa kota,533634.6736,308493.0,0.778,0.3333,0.0,14,15,36.6075,0.5,-
Grogol Petamburan,Jakarta Barat,226069.0,0.0,22509.7076,11397.3755,11112.3321,3.4017,20.976,0.0996,262.1713,0.0,0.8685,0.2624,0.9085,0.2475,10.7258,266,32,0.1203,0.0865,0.1649,0.1821,2.9244,setara pangsa kota,985,0.1269,0.2079,di bawah pangsa kota,223762.1614,226069.0,10.3508,0.0,0.0,15,14,51.0413,0.4405,-
Makasar,Jakarta Timur,221067.0,0.0,6894.0829,6894.0829,0.0,6.4255,16.3077,0.0312,342.7929,0.0,0.6401,0.2272,0.2303,0.0,21.2668,22,2,0.0909,0.0253,0.2781,0.1497,2.8182,setara pangsa kota,295,0.1661,0.2988,setara pangsa kota,232152.7413,221067.0,0.9047,0.25,0.0,16,16,22.2638,0.4524,-
Pademangan,Jakarta Utara,166587.0,0.0,4287.1033,4287.1033,0.0,0.9468,22.2282,0.0257,272.3808,0.0,0.7249,0.5123,0.3807,0.0,13.1374,37,7,0.1892,0.0948,0.342,0.2812,3.9279,setara pangsa kota,363,0.1846,0.3251,setara pangsa kota,158872.4602,166587.0,1.8009,0.1667,0.0,17,17,37.4608,0.7024,-
Kelapa Gading,Jakarta Utara,144911.0,0.0,3548.7398,3548.7398,0.0,0.608,40.2271,0.0245,264.5225,0.0,0.6309,0.3567,0.776,0.2718,15.9668,62,4,0.0645,0.0254,0.1545,0.1034,2.1898,setara pangsa kota,1155,0.1368,0.2358,di bawah pangsa kota,319264.7469,144911.0,4.0025,0.0,0.125,18,18,85.028,0.5595,-
Jagakarsa,Jakarta Selatan,380002.0,0.0,628.9219,628.9219,0.0,4.1596,15.503,0.0017,320.764,0.0,0.8122,0.1947,0.5022,0.0,25.1423,85,7,0.0824,0.0405,0.1604,0.1384,2.5938,setara pangsa kota,556,0.1673,0.2946,setara pangsa kota,363584.2113,380002.0,2.0526,0.0,0.0,19,19,25.1206,0.4881,-
Pulo Gadung,Jakarta Timur,296972.0,0.0,284.7209,284.7209,0.0,1.3596,18.0597,0.001,294.6052,0.0,0.7714,0.3198,1.0,0.0,14.955,25,2,0.08,0.0222,0.2497,0.1326,2.6,setara pangsa kota,554,0.148,0.255,setara pangsa kota,334230.1632,296972.0,0.7745,0.0,0.0,20,20,32.5236,0.4405,-
Kebon Jeruk,Jakarta Barat,358854.0,0.0,0.0,0.0,0.0,0.9043,20.9557,0.0,257.8989,0.0,0.5403,0.0636,0.0,0.151,17.5731,133,4,0.0301,0.0118,0.0748,0.0481,1.5582,di bawah pangsa kota,697,0.1463,0.2614,setara pangsa kota,435551.6232,358854.0,3.5948,0.0,0.0,21,21,31.0659,0.4167,-
Palmerah,Jakarta Barat,222178.0,0.0,0.0,0.0,0.0,0.0,23.7427,0.0,229.2525,0.0,0.7451,0.1716,0.0,0.0,7.3664,142,7,0.0493,0.0241,0.0983,0.079,1.929,di bawah pangsa kota,352,0.108,0.2066,di bawah pangsa kota,192729.6678,222178.0,6.0762,0.0,0.0,22,22,49.4948,0.369,-
Taman Sari,Jakarta Barat,120531.0,0.0,0.0,0.0,0.0,0.0,25.3124,0.0,200.1302,0.0,0.8304,0.9819,0.0,0.0,4.5032,64,11,0.1719,0.0988,0.2821,0.2503,3.4772,setara pangsa kota,533,0.0938,0.1748,di bawah pangsa kota,103079.7566,120531.0,4.3972,0.0,0.0,23,23,53.9623,0.369,-
Cempaka Putih,Jakarta Pusat,95244.0,0.0,0.0,0.0,0.0,1.5012,13.5919,0.0,257.1417,0.0,0.798,0.0926,0.0,0.3496,4.7102,18,3,0.1667,0.0584,0.3922,,,setara pangsa kota,289,0.1038,0.1994,di bawah pangsa kota,124824.006,95244.0,1.5749,0.0,0.0,24,24,24.1973,0.1548,-
Gambir,Jakarta Pusat,90046.0,0.0,0.0,0.0,0.0,0.0,54.6316,0.0,181.5345,0.0,0.9432,0.583,0.0,0.0,7.4891,88,25,0.2841,0.2004,0.3858,0.3772,4.3009,di atas pangsa kota,529,0.1739,0.306,setara pangsa kota,150092.9062,90046.0,6.9964,0.0,0.0,25,25,89.9664,0.8333,-
Johar Baru,Jakarta Pusat,133317.0,0.0,0.0,0.0,0.0,0.9852,24.2797,0.0,329.9872,0.0,0.826,0.5909,0.0,0.0387,2.3825,3,0,0.0,0.0,0.5615,,,setara pangsa kota,92,0.163,,setara pangsa kota,71224.8275,133317.0,0.225,0.0,0.0,26,26,35.102,0.5357,-
Kemayoran,Jakarta Pusat,245806.0,0.0,0.0,0.0,0.0,1.4687,20.047,0.0,195.8103,0.0,0.73,0.2225,0.0,0.2123,7.1661,15,5,0.3333,0.1518,0.5829,,,di atas pangsa kota,440,0.1705,0.292,setara pangsa kota,184466.5389,245806.0,0.4068,0.0,0.0,27,27,36.5297,0.6071,-
Menteng,Jakarta Pusat,84627.0,0.0,0.0,0.0,0.0,0.0,88.6691,0.0,143.2749,0.0,0.9911,0.8126,0.0,0.0043,6.4451,185,38,0.2054,0.1535,0.2693,0.2971,3.9964,di atas pangsa kota,939,0.2194,0.3436,di atas pangsa kota,165220.018,84627.0,17.3703,0.0,0.0,28,28,135.3676,0.9405,-
Sawah Besar,Jakarta Pusat,120596.0,0.0,0.0,0.0,0.0,0.0,34.6427,0.0,190.0471,0.0,0.91,0.8957,0.0,0.0,5.3996,33,5,0.1515,0.0665,0.3092,0.2279,3.3106,setara pangsa kota,378,0.2302,0.3831,di atas pangsa kota,126718.9936,120596.0,2.3218,0.0,0.0,29,29,67.8987,0.881,-
Senen,Jakarta Pusat,118895.0,0.0,0.0,0.0,0.0,0.0,58.039,0.0,161.9169,0.0,0.9496,0.7905,0.0,0.0,4.3531,25,9,0.36,0.2025,0.5548,0.4326,4.5666,di atas pangsa kota,335,0.2388,0.3735,di atas pangsa kota,116950.451,118895.0,1.3457,0.0,0.0,30,30,66.6257,0.881,-
Tanah Abang,Jakarta Pusat,162546.0,0.0,0.0,0.0,0.0,0.0,70.7979,0.0,193.2729,0.0,0.9742,0.6796,0.0,0.0087,10.0548,164,20,0.122,0.0803,0.1809,0.1856,3.1844,setara pangsa kota,1286,0.2496,0.3451,di atas pangsa kota,181949.917,162546.0,8.859,0.0,0.0,31,31,167.4895,0.9881,-
Cilandak,Jakarta Selatan,220659.0,0.0,0.0,0.0,0.0,0.0,40.3955,0.0,236.3857,0.0,0.8379,0.3323,0.0,0.1187,17.5462,80,5,0.0625,0.027,0.1381,0.1072,2.25,setara pangsa kota,921,0.126,0.2369,di bawah pangsa kota,275802.115,220659.0,3.3989,0.0,0.0,32,32,58.7366,0.4524,-
Kebayoran Baru,Jakarta Selatan,147172.0,0.0,0.0,0.0,0.0,0.0,90.087,0.0,158.8724,0.0,0.9497,0.5079,0.0,0.0934,12.7221,269,29,0.1078,0.0761,0.1505,0.1683,2.8718,setara pangsa kota,1770,0.1418,0.2485,setara pangsa kota,203005.9017,147172.0,16.3074,0.0,0.0,33,33,174.372,0.6548,-
Kebayoran Lama,Jakarta Selatan,320880.0,0.0,0.0,0.0,0.0,0.3497,33.8752,0.0,284.9441,0.0,0.8114,0.1502,0.0,0.1249,19.2637,84,20,0.2381,0.1597,0.3394,0.2932,3.3095,di atas pangsa kota,964,0.2044,0.3162,di atas pangsa kota,334289.2006,320880.0,1.9945,0.0,0.0,34,34,73.7543,0.869,-
Mampang Prapatan,Jakarta Selatan,151352.0,0.0,0.0,0.0,0.0,0.0,53.7226,0.0,193.6431,0.0,0.8804,0.04,0.0,0.2017,7.8787,54,6,0.1111,0.0519,0.2219,0.1685,2.7371,setara pangsa kota,685,0.1606,0.2883,setara pangsa kota,141601.9663,151352.0,3.1714,0.0,0.0,35,35,80.7198,0.7143,-
Pancoran,Jakarta Selatan,173723.0,0.0,0.0,0.0,0.0,0.0,30.4327,0.0,206.6729,0.0,0.7482,0.4089,0.0,0.1441,8.8494,24,3,0.125,0.0434,0.31,0.1844,2.8116,setara pangsa kota,416,0.1538,0.2852,setara pangsa kota,156649.7472,173723.0,1.2088,0.0,0.0,36,36,42.2937,0.5595,-
Pasar Minggu,Jakarta Selatan,323758.0,0.0,0.0,0.0,0.0,0.1105,25.2602,0.0,273.0483,0.0,0.7618,0.1535,0.0,0.0458,21.6484,60,9,0.15,0.081,0.2611,0.2251,3.4966,setara pangsa kota,739,0.1705,0.3114,setara pangsa kota,337646.5893,323758.0,1.5753,0.0,0.0,37,37,41.2228,0.6667,-
Setiabudi,Jakarta Selatan,112890.0,0.0,0.0,0.0,0.0,0.0,87.1235,0.0,193.9992,0.0,0.8665,0.6335,0.0,0.1235,8.921,262,26,0.0992,0.0686,0.1414,0.1485,2.7085,setara pangsa kota,1056,0.1439,0.2675,setara pangsa kota,121836.1889,112890.0,20.9053,0.0,0.0,38,38,126.3887,0.6429,-
Tebet,Jakarta Selatan,229830.0,0.0,0.0,0.0,0.0,0.0,32.6143,0.0,188.6519,0.0,0.734,0.571,0.0,0.0,9.3483,159,15,0.0943,0.058,0.1498,0.1404,2.3824,setara pangsa kota,830,0.1398,0.2447,setara pangsa kota,182991.7441,229830.0,6.2655,0.0,0.0,39,39,57.8436,0.5119,-
Jatinegara,Jakarta Timur,318580.0,0.0,0.0,0.0,0.0,4.1014,14.681,0.0,238.8717,0.0,0.9252,0.2884,0.0,0.0762,10.3394,38,3,0.0789,0.0272,0.208,0.1252,2.3087,setara pangsa kota,442,0.19,0.325,setara pangsa kota,257773.4826,318580.0,1.0986,0.0,0.0,40,40,25.4946,0.6071,-
Kramat Jati,Jakarta Timur,317017.0,0.0,0.0,0.0,0.0,2.5208,17.473,0.0,273.1165,0.0,0.6878,0.2107,0.0,0.1964,13.0321,22,0,0.0,0.0,0.1487,0.0,1.0,setara pangsa kota,509,0.1749,0.2861,setara pangsa kota,277692.0122,317017.0,0.694,0.0,0.0,41,41,30.7763,0.5952,-
Matraman,Jakarta Timur,182841.0,0.0,0.0,0.0,0.0,1.5983,15.9848,0.0,270.4937,0.0,0.7736,0.5763,0.0,0.0113,4.8256,31,4,0.129,0.0513,0.2885,0.1971,3.172,setara pangsa kota,214,0.1262,0.2453,setara pangsa kota,137323.3546,182841.0,1.4767,0.0,0.0,42,42,25.4327,0.2381,-
