kecamatan,kabkota,n_aset,n_nonkul,pangsa_nonkul,ci_bawah,ci_atas,n_kategori,entropi_pooled,entropi_raref,entropi_raref_bawah,entropi_raref_atas,kekayaan_raref,status_ragam,n_aset_ovt,n_nonkul_ovt,pangsa_nonkul_ovt,ci_bawah_ovt,ci_atas_ovt,entropi_raref_ovt,status_ragam_ovt
Cengkareng,Jakarta Barat,57,13,0.22807017543859648,0.13841890443359872,0.3520601115202729,3,0.2895642498490286,0.27307254773388695,0.13557012980474029,0.3910249846642453,2.8969945424761727,di atas pangsa kota,565,81,0.1433628318584071,0.11687225881426906,0.1746702374156045,0.2493201416066382,setara pangsa kota
Grogol Petamburan,Jakarta Barat,266,32,0.12030075187969924,0.08651697633758637,0.16489531279897524,7,0.2322114984071063,0.1821451274423813,0.0,0.37340242287830216,2.9243801357223997,setara pangsa kota,985,125,0.12690355329949238,0.10755551549966902,0.14915040697295256,0.20794300759095408,di bawah pangsa kota
Kalideres,Jakarta Barat,18,2,0.1111111111111111,0.031019522364791025,0.32799765336109676,3,0.1775925971702724,,,,,setara pangsa kota,455,59,0.12967032967032968,0.10187655466028267,0.16366496632249505,0.2311410165087121,setara pangsa kota
Kebon Jeruk,Jakarta Barat,133,4,0.03007518796992481,0.011756525832034535,0.07477762089588036,3,0.06499448305421143,0.048112149161645724,0.0,0.16447661243652906,1.5582137161085665,di bawah pangsa kota,697,102,0.14634146341463414,0.12204063171901769,0.17451924819028258,0.26141146284876643,setara pangsa kota
Kembangan,Jakarta Barat,29,5,0.1724137931034483,0.07597857204821831,0.34548440045021234,5,0.2874933985667885,0.2679604318699088,0.13425055872628924,0.37340242287830216,3.9802955665024538,setara pangsa kota,827,125,0.15114873035066506,0.12835226024892554,0.17717108138003723,0.2687819866387356,setara pangsa kota
Palmerah,Jakarta Barat,142,7,0.04929577464788732,0.02408126993431277,0.09825334614915364,5,0.10971025014030053,0.07904941176462847,0.0,0.24500691826319304,1.9289781240635544,di bawah pangsa kota,352,38,0.10795454545454546,0.07966737960215706,0.14470630392618655,0.20656621175585543,di bawah pangsa kota
Taman Sari,Jakarta Barat,64,11,0.171875,0.09877742257874725,0.28213211721330644,6,0.2893163485407245,0.2502653527940631,0.08278728666669545,0.42110375635084196,3.4771872612963337,setara pangsa kota,533,50,0.09380863039399624,0.07188092588035183,0.121549475522862,0.1748380504393354,di bawah pangsa kota
Tambora,Jakarta Barat,27,6,0.2222222222222222,0.10607239390562237,0.4075692902399728,3,0.2798928708962395,0.2757272883479029,0.1762833817644941,0.3343843084554757,2.938176638176637,setara pangsa kota,324,53,0.16358024691358025,0.12728867509716796,0.2077557675920257,0.2456607689366632,setara pangsa kota
Cempaka Putih,Jakarta Pusat,18,3,0.16666666666666666,0.05836576760185505,0.39222038302033446,2,0.18789861841651434,,,,,setara pangsa kota,289,30,0.10380622837370242,0.07368526930952168,0.1443216315069856,0.19944834436674796,di bawah pangsa kota
Gambir,Jakarta Pusat,88,25,0.2840909090909091,0.2004476918843452,0.3857958144485133,6,0.4202779216198783,0.37721858740757525,0.16447661243652906,0.5618703211096174,4.30089671863404,di atas pangsa kota,529,92,0.17391304347826086,0.14399506808603613,0.20853279128074498,0.3059563041825403,setara pangsa kota
Johar Baru,Jakarta Pusat,3,0,0.0,0.0,0.5614970356393196,1,0.0,,,,,setara pangsa kota,92,15,0.16304347826086957,0.10136989733208442,0.25172843063900985,,setara pangsa kota
Kemayoran,Jakarta Pusat,15,5,0.3333333333333333,0.15176324343669478,0.582864524428801,4,0.41209231925171075,,,,,di atas pangsa kota,440,75,0.17045454545454544,0.13820756849790133,0.2084059706452286,0.2919753714030361,setara pangsa kota
Menteng,Jakarta Pusat,185,38,0.20540540540540542,0.15346667790277815,0.26932956268061836,8,0.36143443806404996,0.29705346360257384,0.08278728666669545,0.49622090196766305,3.9963912357891527,di atas pangsa kota,939,206,0.21938232161874335,0.19408603446949524,0.2469652737480092,0.34360661903968853,di atas pangsa kota
Sawah Besar,Jakarta Pusat,33,5,0.15151515151515152,0.06650457239529714,0.30919876025212834,4,0.24403262690416738,0.22785475512069275,0.08278728666669545,0.34449594024651337,3.3106060606060783,setara pangsa kota,378,87,0.23015873015873015,0.190565985218878,0.27518087056343776,0.38313205902618636,di atas pangsa kota
Senen,Jakarta Pusat,25,9,0.36,0.20247880678156654,0.554815023991343,5,0.4450067931690074,0.4326006053055746,0.333585369011392,0.5026139761074166,4.566647844908715,di atas pangsa kota,335,80,0.23880597014925373,0.1962743995529961,0.2872598746241596,0.3735009234303133,di atas pangsa kota
Tanah Abang,Jakarta Pusat,164,20,0.12195121951219512,0.08034811426162844,0.18085945133932582,10,0.2585007217892949,0.1855866462352101,0.0,0.4023089055100909,3.184397191684326,setara pangsa kota,1286,321,0.24961119751166408,0.226726492910377,0.27398733857201824,0.34506812202069176,di atas pangsa kota
Cilandak,Jakarta Selatan,80,5,0.0625,0.026989375500007226,0.13810148844706394,6,0.1394479283673484,0.10719869044084385,0.0,0.24500691826319304,2.250000000000236,setara pangsa kota,921,116,0.1259500542888165,0.1060637093012558,0.1489437372362014,0.23686998050292393,di bawah pangsa kota
Jagakarsa,Jakarta Selatan,85,7,0.08235294117647059,0.04046372327826229,0.1603598460997976,7,0.17866537999517845,0.1384360795991297,0.0,0.32430994988977413,2.593837535014125,setara pangsa kota,556,93,0.1672661870503597,0.13854986447831988,0.2005487425820556,0.2945556574117709,setara pangsa kota
Kebayoran Baru,Jakarta Selatan,269,29,0.10780669144981413,0.07611680007191055,0.15054031844247587,9,0.22662961574664647,0.16826648331077115,0.0,0.37340242287830216,2.8717607267282848,setara pangsa kota,1770,251,0.14180790960451978,0.12633080883647874,0.158836423189045,0.2484674954982818,setara pangsa kota
Kebayoran Lama,Jakarta Selatan,84,20,0.23809523809523808,0.15974690843989459,0.3393506639324049,5,0.3263987433609781,0.29316195974801323,0.13557012980474029,0.45640384810075296,3.309494606874102,di atas pangsa kota,964,197,0.20435684647302904,0.18009933468276296,0.23096123234559224,0.3161610829575155,di atas pangsa kota
Mampang Prapatan,Jakarta Selatan,54,6,0.1111111111111111,0.051930224666595554,0.2219470112759889,4,0.19233965415801688,0.16851646391674463,0.0,0.2954034672579854,2.7370854163307374,setara pangsa kota,685,110,0.16058394160583941,0.13499398325963424,0.1899595397829869,0.28831577448810025,setara pangsa kota
Pancoran,Jakarta Selatan,24,3,0.125,0.04344334046194118,0.3100388144515548,3,0.19030623958849588,0.18441755435364263,0.08278728666669545,0.21610043563140424,2.8115942028985494,setara pangsa kota,416,64,0.15384615384615385,0.12235609947277719,0.1916706744256344,0.2852086674770619,setara pangsa kota
Pasar Minggu,Jakarta Selatan,60,9,0.15,0.08097440540959933,0.2611458917143597,6,0.27155162084113316,0.22510295746635864,0.08278728666669545,0.4023089055100909,3.496590687707097,setara pangsa kota,739,126,0.17050067658998647,0.14510698074170492,0.19930225466444484,0.3113659332110701,setara pangsa kota
Pesanggrahan,Jakarta Selatan,37,5,0.13513513513513514,0.0591329438831613,0.2797741191952078,3,0.19335916960598867,0.17935174018112435,0.08278728666669545,0.2866829749829358,2.5045045045044954,setara pangsa kota,427,67,0.15690866510538642,0.12548781909789045,0.1944476375297263,0.27990063317805214,setara pangsa kota
Setiabudi,Jakarta Selatan,262,26,0.09923664122137404,0.06862416456570292,0.14143132909689551,9,0.20914084428854482,0.14846299132857502,0.0,0.3449658115175317,2.7084849272774285,setara pangsa kota,1056,152,0.14393939393939395,0.1240571704196929,0.16640274346802636,0.26754767874829366,setara pangsa kota
Tebet,Jakarta Selatan,159,15,0.09433962264150944,0.05800591216994127,0.1498125335365964,5,0.17043892042783457,0.14044835411124432,0.0,0.2954034672579854,2.3824068720702125,setara pangsa kota,830,116,0.13975903614457832,0.11782562668543844,0.16501166374829368,0.2447484453223504,setara pangsa kota
Cakung,Jakarta Timur,15,1,0.06666666666666667,0.01186689536153232,0.2981653010887565,2,0.1021437548057715,,,,,setara pangsa kota,510,90,0.17647058823529413,0.14583898709033333,0.2119395761294277,0.29471432407261633,setara pangsa kota
Cipayung,Jakarta Timur,30,7,0.23333333333333334,0.11792388080557861,0.40928326306719587,3,0.26646976462481137,0.25572824675794914,0.1762833817644941,0.3298673463384764,2.6663129973474793,setara pangsa kota,388,60,0.15463917525773196,0.12206597130505463,0.19398394141950065,0.28200457578136295,setara pangsa kota
Ciracas,Jakarta Timur,24,6,0.25,0.11999366158732966,0.4489944416883343,5,0.36404779047066876,0.35597077059296384,0.25558641339107524,0.4101931851157206,4.498023715415016,setara pangsa kota,351,53,0.150997150997151,0.11733055928843024,0.19222024468918764,0.2686295768862317,setara pangsa kota
Duren Sawit,Jakarta Timur,31,0,0.0,0.0,0.11025539700802303,1,0.0,0.0,0.0,0.0,1.0,di bawah pangsa kota,767,111,0.14471968709256844,0.12159107209092859,0.17138935375312805,0.2553280848063441,setara pangsa kota
Jatinegara,Jakarta Timur,38,3,0.07894736842105263,0.027214595294883195,0.2079937158975197,3,0.13613690500156997,0.1251578943772076,0.0,0.21610043563140424,2.3086770981508047,setara pangsa kota,442,84,0.19004524886877827,0.1562000341439552,0.22923172743443201,0.32500600066461427,setara pangsa kota
Kramat Jati,Jakarta Timur,22,0,0.0,0.0,0.14865487660514556,1,0.0,0.0,0.0,0.0,1.0,setara pangsa kota,509,89,0.17485265225933203,0.14432364298920808,0.21025271922215055,0.28614188649084127,setara pangsa kota
Makasar,Jakarta Timur,22,2,0.09090909090909091,0.025295428762322658,0.278149470278251,3,0.15332174076605573,0.14968425670680802,0.08278728666669545,0.16447661243652906,2.8181818181818183,setara pangsa kota,295,49,0.16610169491525423,0.12798006535695455,0.21280751901148093,0.29883059490376024,setara pangsa kota
Matraman,Jakarta Timur,31,4,0.12903225806451613,0.05134284338910197,0.2885240640684634,4,0.21631488433143842,0.19706134354469385,0.08278728666669545,0.2954034672579854,3.1720430107526942,setara pangsa kota,214,27,0.1261682242990654,0.08817767008290936,0.17734322377418874,0.2453228319351098,setara pangsa kota
Pasar Rebo,Jakarta Timur,19,5,0.2631578947368421,0.1180641227208778,0.4879155107704944,3,0.2952668467584937,,,,,setara pangsa kota,249,41,0.1646586345381526,0.12375659386546073,0.21575046032218675,0.2894646806851399,setara pangsa kota
Pulo Gadung,Jakarta Timur,25,2,0.08,0.022220401084126262,0.24966109123460217,3,0.13938104386991979,0.13258483655938813,0.0,0.16447661243652906,2.6000000000000014,setara pangsa kota,554,82,0.148014440433213,0.1208701065587706,0.1800065246222246,0.2550004069638297,setara pangsa kota
Cilincing,Jakarta Utara,19,6,0.3157894736842105,0.15364378998470052,0.5398959249530334,3,0.31942067915445826,,,,,di atas pangsa kota,192,36,0.1875,0.13862229206743928,0.24863717441389058,0.2961497417718434,setara pangsa kota
Kelapa Gading,Jakarta Utara,62,4,0.06451612903225806,0.025372905344137067,0.1544751582087177,4,0.1277352921539768,0.1033652760798573,0.0,0.24500691826319304,2.1898466419883307,setara pangsa kota,1155,158,0.1367965367965368,0.11817919040600128,0.15782185911638935,0.2357954896097694,di bawah pangsa kota
Koja,Jakarta Utara,12,7,0.5833333333333334,0.31951131084242423,0.8067396875653928,2,0.28324559195569016,,,,,di atas pangsa kota,300,36,0.12,0.08795084408657444,0.16165781419374778,0.21258549374557933,setara pangsa kota
Pademangan,Jakarta Utara,37,7,0.1891891891891892,0.09479978678812225,0.342046970649007,5,0.3089326163650217,0.28122501563696495,0.08278728666669545,0.42110375635084196,3.9279279279279145,setara pangsa kota,363,67,0.18457300275482094,0.14803934708056488,0.2277127811048682,0.32511135042477385,setara pangsa kota
Penjaringan,Jakarta Utara,107,4,0.037383177570093455,0.014631899167901731,0.09220049911347988,3,0.07529875526082905,0.059842330646133604,0.0,0.16447661243652906,1.6528956848124081,di bawah pangsa kota,1170,163,0.13931623931623932,0.12065230126935007,0.16034089111256167,0.2402931854984743,setara pangsa kota
Tanjung Priok,Jakarta Utara,42,7,0.16666666666666666,0.08315916601175122,0.30604002870618957,6,0.2904243853385802,0.25119573844647,0.08278728666669545,0.4101931851157206,3.770615563298424,setara pangsa kota,664,74,0.11144578313253012,0.08971004165926118,0.1376514928217611,0.20785603078481216,di bawah pangsa kota
