urutan,lokasi_osm,kecamatan_lokasi,kecamatan_terjangkau,penduduk_terjangkau
1,Pusat Grosir PIK,Cakung,Cakung,143707.0
2,NEOadMediaPromo,Cengkareng,Cengkareng,117040.8
2,NEOadMediaPromo,Cengkareng,Kembangan,171.3
3,Pasar Semper,Koja,Cilincing,66819.3
3,Pasar Semper,Koja,Koja,41118.4
4,Pasar Kosambi Baru,Cengkareng,Cengkareng,75897.8
4,Pasar Kosambi Baru,Cengkareng,Kalideres,22042.6
5,Pasar Binaan,Kalideres,Kalideres,90486.7
5,Pasar Binaan,Kalideres,Penjaringan,3604.5
6,Gedung Pertemuan Citra 1,Kalideres,Kalideres,80204.9
7,Bahasa Indonesia,Cakung,Cakung,79546.7
8,Pasar Cakung,Cakung,Cakung,71418.1
8,Pasar Cakung,Cakung,Kelapa Gading,227.0
9,Pasar Bojong Indah,Cengkareng,Cengkareng,53215.8
9,Pasar Bojong Indah,Cengkareng,Kembangan,3435.7
