kecamatan,osm_kuliner,osm_nonkul,ovt_kuliner,ovt_nonkul,kelengkapan_relatif
Cengkareng,44,13.0,484,81,0.7675416636864316
Grogol Petamburan,234,32.0,860,125,2.2972700492196223
Kalideres,16,2.0,396,59,0.34112962830508076
Kebon Jeruk,129,4.0,595,102,1.8304901189429352
Kembangan,24,5.0,702,125,0.288648147027376
Palmerah,135,7.0,314,38,3.6299343011922005
Taman Sari,53,11.0,483,50,0.9264529812198543
Tambora,21,6.0,271,53,0.6542513812234897
Cempaka Putih,15,3.0,259,30,0.4889744189508155
Gambir,63,25.0,437,92,1.2171770547704739
Johar Baru,3,0.0,77,15,0.32894642729418494
Kemayoran,10,5.0,365,75,0.2313139260424862
Menteng,147,38.0,733,206,1.6931990043396452
Sawah Besar,28,5.0,291,87,0.8123808674069448
Senen,16,9.0,255,80,0.5297542463090665
Tanah Abang,144,20.0,965,321,1.2598818603930648
Cilandak,75,5.0,805,116,0.7866110217904423
Jagakarsa,78,7.0,463,93,1.422355826010709
Kebayoran Baru,240,29.0,1519,251,1.333976295017893
Kebayoran Lama,64,20.0,767,197,0.704497172405799
Mampang Prapatan,48,6.0,575,110,0.7048034755242364
Pancoran,21,3.0,352,64,0.5036992167942208
Pasar Minggu,51,9.0,613,126,0.7024320935205353
Pesanggrahan,32,5.0,360,67,0.7504851822711776
Setiabudi,236,26.0,904,152,2.2041351315597084
Tebet,144,15.0,714,116,1.7027815059934281
Cakung,14,1.0,420,90,0.2814319433516916
Cipayung,23,7.0,328,60,0.5920367100995951
Ciracas,18,6.0,298,53,0.5099773470131325
Duren Sawit,31,0.0,656,111,0.39898126115407495
Jatinegara,35,3.0,358,84,0.8254288841320563
Kramat Jati,22,0.0,420,89,0.44225019669551535
Makasar,20,2.0,246,49,0.686419374028516
Matraman,27,4.0,187,27,1.2190367599725678
Pasar Rebo,14,5.0,208,41,0.5682760394601465
Pulo Gadung,23,2.0,472,82,0.4114153409166678
Cilincing,13,6.0,156,36,0.7035798583792289
Kelapa Gading,58,4.0,997,158,0.49116507666192916
Koja,5,7.0,264,36,0.1599045132680066
Pademangan,30,7.0,296,67,0.8557052331639271
Penjaringan,103,4.0,1007,163,0.8635796474247537
Tanjung Priok,35,7.0,590,74,0.5008534585072477
