klaster,n_aset,n_nonkul,pangsa_nonkul,ci_bawah,ci_atas,n_kategori,entropi_pooled,entropi_raref40,raref_bawah,raref_atas,luas_hull_km2,kecamatan_utama
2,409,47,0.11491442542787286,0.08752610137157908,0.1494691343938005,10,0.2409019085235875,0.20220901878729303,0.04875394286969817,0.33890957975892183,11.795772556096006,Setiabudi
10,279,30,0.10752688172043011,0.07636381009699478,0.1493508327768041,7,0.21292998653152725,0.18580491722015388,0.04875394286969817,0.31885466427221354,4.426945314954484,Grogol Petamburan
0,155,17,0.10967741935483871,0.06961297200483785,0.16862117132152976,8,0.22464697185171983,0.19550830164314095,0.04875394286969817,0.33876319120566856,4.56256452908686,Kebayoran Baru
17,148,14,0.0945945945945946,0.057185755168624196,0.15251625320175421,5,0.16964772089870878,0.15318902396860937,0.04875394286969817,0.25558641339107524,3.9542720816069656,Tebet
21,134,4,0.029850746268656716,0.011668334574453362,0.07423803189467569,3,0.06460412448926843,0.05606343413559295,0.0,0.13099947668834022,0.86255091950449,Palmerah
4,129,16,0.12403100775193798,0.07780650731875452,0.19199976538503358,8,0.24875979087657685,0.220403645598575,0.09724052798258985,0.35321643252156293,3.8134231473685154,Kebayoran Baru
16,56,1,0.017857142857142856,0.003159210307042061,0.09445637244275953,2,0.037356938680230746,0.03378648240870083,0.0,0.04875394286969817,0.09808724782806694,Jagakarsa
7,49,8,0.16326530612244897,0.08512698327209231,0.29036338549059093,5,0.2755334225857501,0.26985623292117805,0.19220881948473184,0.3188546642722135,1.4824974649401665,Gambir
13,49,4,0.08163265306122448,0.032202817443934884,0.19189127707939885,5,0.16510552866092348,0.15853896421896663,0.09724052798258984,0.19338309506831786,0.420351590993796,Setiabudi
11,47,15,0.3191489361702128,0.20395378674545978,0.461673432180508,4,0.3629419741001616,0.3589827700147913,0.3011362162988302,0.3954910609540649,0.11853939822438234,Kebayoran Lama
1,45,14,0.3111111111111111,0.195286991890479,0.4566480569515979,6,0.44929450813436667,0.4456807713869803,0.38785566419419654,0.48458864086323006,0.8656383481497406,Menteng
5,39,4,0.10256410256410256,0.04061331316428736,0.2357885459345357,5,0.1971998832618231,,,,1.1856000654997068,Taman Sari
19,39,11,0.28205128205128205,0.16543492017128975,0.43775319610871005,3,0.3251850644707607,,,,0.8712409292520943,Cengkareng
14,33,4,0.12121212121212122,0.048161612759131084,0.2732550531619836,3,0.18244956830264814,,,,0.3544669694775057,Penjaringan
33,32,1,0.03125,0.00553786010270331,0.15744263967668448,2,0.057992857332945826,,,,0.5112114060261631,Kelapa Gading
29,27,0,0.0,0.0,0.12455503146207125,1,0.0,,,,0.3055874860833756,Cilandak
28,27,5,0.18518518518518517,0.08180707091220948,0.3669868377861317,4,0.2732152889011079,,,,0.7996649758879149,Matraman
6,26,3,0.11538461538461539,0.040032445923591814,0.28975903379070655,2,0.1491421097118502,,,,0.4610009235712012,Mampang Prapatan
12,25,3,0.12,0.04166817117905039,0.2995579409188468,3,0.18487324967730695,,,,0.6521232319869351,Palmerah
15,23,3,0.13043478260869565,0.04537659058182972,0.32127482448539857,4,0.22123969976842087,,,,0.22444921438276647,Tanah Abang
26,21,8,0.38095238095238093,0.20751011264009112,0.5912134637854193,4,0.44230978469475857,,,,0.7157404126877466,Gambir
8,19,4,0.21052631578947367,0.08507676573617337,0.43334278630883716,3,0.2754827932419136,,,,0.5138248684838256,Taman Sari
9,19,1,0.05263157894736842,0.009351993958601784,0.24638731374732356,2,0.08598876396824597,,,,0.2500433736863586,Cilandak
32,14,0,0.0,0.0,0.21531080540298042,1,0.0,,,,0.10777824822867642,Palmerah
23,14,3,0.21428571428571427,0.07571386653293533,0.4758923079830535,2,0.21668162284842404,,,,0.009232430102434195,Pesanggrahan
31,14,1,0.07142857142857142,0.012722215106604151,0.31468704666737907,2,0.10731020802403013,,,,0.25890165579164076,Tanah Abang
30,14,0,0.0,0.0,0.21531080540298042,1,0.0,,,,0.20273651778619953,Grogol Petamburan
20,13,1,0.07692307692307693,0.013710421090225994,0.333139511713605,2,0.11309475276848227,,,,0.02401030213748842,Menteng
24,13,2,0.15384615384615385,0.04325817796522907,0.4223463125106327,2,0.17904160652920903,,,,0.014729631502219329,Ciracas
3,12,3,0.25,0.08894166769488562,0.5323053370816633,3,0.30087372658713124,,,,0.14161677208305193,Pademangan
18,12,5,0.4166666666666667,0.1932603124346072,0.6804886891575758,3,0.37019726669011477,,,,0.10611860955901586,Cilincing
22,10,2,0.2,0.05668215093776685,0.5098375308778678,3,0.26649698462619664,,,,0.10905816077048107,Pasar Minggu
25,10,2,0.2,0.05668215093776685,0.5098375308778678,2,0.20868401936261904,,,,0.11586672309864318,Pasar Rebo
27,10,3,0.3,0.10779126655639398,0.6032218546540291,3,0.3343843084554756,,,,0.042926820982778106,Jagakarsa
