kecamatan,kabkota,penduduk_worldpop,penduduk_resmi,tahun_data,sumber,rasio_wp_resmi
Cengkareng,Jakarta Barat,486364.30872855394,575401.0,2025,Registrasi Disdukcapil,0.845261493686236
Grogol Petamburan,Jakarta Barat,223762.16137981415,226069.0,2025,Registrasi Disdukcapil,0.9897958648899856
Kalideres,Jakarta Barat,481194.5888779836,461389.0,2025,Registrasi Disdukcapil,1.0429260101085713
Kebon Jeruk,Jakarta Barat,435551.6232261658,358854.0,2025,Registrasi Disdukcapil,1.2137293250908887
Kembangan,Jakarta Barat,533634.6736310311,308493.0,2025,Registrasi Disdukcapil,1.7298112878769731
Palmerah,Jakarta Barat,192729.66784858704,222178.0,2025,Registrasi Disdukcapil,0.8674561290883303
Taman Sari,Jakarta Barat,103079.75659561157,120531.0,2025,Registrasi Disdukcapil,0.8552136512234327
Tambora,Jakarta Barat,135857.3074426651,252941.0,2025,Registrasi Disdukcapil,0.5371106599668108
Cempaka Putih,Jakarta Pusat,124824.0059890747,95244.0,2025,Registrasi Disdukcapil,1.3105708074952198
Gambir,Jakarta Pusat,150092.9062087112,90046.0,2025,Registrasi Disdukcapil,1.6668470138452702
Johar Baru,Jakarta Pusat,71224.82745361328,133317.0,2025,Registrasi Disdukcapil,0.5342516517294364
Kemayoran,Jakarta Pusat,184466.53887557983,245806.0,2025,Registrasi Disdukcapil,0.750455802037297
Menteng,Jakarta Pusat,165220.0179786682,84627.0,2025,Registrasi Disdukcapil,1.952332210508091
Sawah Besar,Jakarta Pusat,126718.99358940125,120596.0,2025,Registrasi Disdukcapil,1.0507727751285387
Senen,Jakarta Pusat,116950.4510345459,118895.0,2025,Registrasi Disdukcapil,0.9836448213511577
Tanah Abang,Jakarta Pusat,181949.91695059743,162546.0,2025,Registrasi Disdukcapil,1.1193749274088407
Cilandak,Jakarta Selatan,275802.1149637699,220659.0,2025,Registrasi Disdukcapil,1.2499019526226889
Jagakarsa,Jakarta Selatan,363584.2112769469,380002.0,2025,Registrasi Disdukcapil,0.9567955202260695
Kebayoran Baru,Jakarta Selatan,203005.90168952942,147172.0,2025,Registrasi Disdukcapil,1.379378561747679
Kebayoran Lama,Jakarta Selatan,334289.20058619976,320880.0,2025,Registrasi Disdukcapil,1.0417888325423827
Mampang Prapatan,Jakarta Selatan,141601.9663181305,151352.0,2025,Registrasi Disdukcapil,0.9355804106858878
Pancoran,Jakarta Selatan,156649.7471923828,173723.0,2025,Registrasi Disdukcapil,0.9017214024186943
Pasar Minggu,Jakarta Selatan,337646.5893303156,323758.0,2025,Registrasi Disdukcapil,1.042898057593374
Pesanggrahan,Jakarta Selatan,241296.38220119476,263379.0,2025,Registrasi Disdukcapil,0.9161564976751934
Setiabudi,Jakarta Selatan,121836.18887233734,112890.0,2025,Registrasi Disdukcapil,1.0792469560841291
Tebet,Jakarta Selatan,182991.74414920807,229830.0,2025,Registrasi Disdukcapil,0.7962047780934085
Cakung,Jakarta Timur,550794.7686634988,582775.0,2025,Registrasi Disdukcapil,0.9451242223216487
Cipayung,Jakarta Timur,375915.1150088195,306380.0,2025,Registrasi Disdukcapil,1.2269570957922171
Ciracas,Jakarta Timur,304055.0422196388,319431.0,2025,Registrasi Disdukcapil,0.9518645410734676
Duren Sawit,Jakarta Timur,510911.4519751072,444385.0,2025,Registrasi Disdukcapil,1.1497045399262062
Jatinegara,Jakarta Timur,257773.48258256912,318580.0,2025,Registrasi Disdukcapil,0.8091326592459324
Kramat Jati,Jakarta Timur,277692.0122127533,317017.0,2025,Registrasi Disdukcapil,0.8759530631251741
Makasar,Jakarta Timur,232152.74126916236,221067.0,2025,Registrasi Disdukcapil,1.0501465224079685
Matraman,Jakarta Timur,137323.35456466675,182841.0,2025,Registrasi Disdukcapil,0.7510533992084202
Pasar Rebo,Jakarta Timur,227871.73395967484,235851.0,2025,Registrasi Disdukcapil,0.9661681907631294
Pulo Gadung,Jakarta Timur,334230.1632427871,296972.0,2025,Registrasi Disdukcapil,1.12546018898343
Cilincing,Jakarta Utara,353372.0284921047,445729.0,2024,Proyeksi BPS,0.7927956863746912
Kelapa Gading,Jakarta Utara,319264.7468798891,144911.0,2024,Proyeksi BPS,2.2031781360965637
Koja,Jakarta Utara,236957.28748941422,342279.0,2024,Proyeksi BPS,0.6922928005791013
Pademangan,Jakarta Utara,158872.46023487102,166587.0,2024,Proyeksi BPS,0.9536906255282286
Penjaringan,Jakarta Utara,400591.7916152327,326085.0,2024,Proyeksi BPS,1.2284888652199049
Tanjung Priok,Jakarta Utara,410894.87475436926,406441.0,2024,Proyeksi BPS,1.010958231955854
