p,greedy_jiwa,eksak_jiwa,greedy_pct,eksak_pct,selisih_pp,rasio_greedy_eksak,jaminan_teoretis,lokasi_sama,status_solver,detik
1,143707.0458,143707.0458,0.0826,0.0826,0.0,1.0,1.0,1,0,0.52
2,260919.2021,260919.2021,0.1499,0.1499,0.0,1.0,0.75,2,0,0.02
3,368856.9598,368856.9598,0.2119,0.2119,0.0,1.0,0.7037,3,0,0.02
4,466797.3785,466797.3785,0.2682,0.2682,0.0,1.0,0.6836,4,0,0.02
5,560888.626,560888.626,0.3223,0.3223,0.0,1.0,0.6723,5,0,0.01
6,641093.5742,642684.3898,0.3683,0.3693,0.0914,0.9975,0.6651,4,0,0.01
7,720640.3066,722231.1222,0.414,0.415,0.0914,0.9978,0.6601,5,0,0.02
8,792285.3948,793876.2104,0.4552,0.4561,0.0914,0.998,0.6564,6,0,0.02
9,848936.8264,859340.6614,0.4878,0.4937,0.5978,0.9879,0.6536,6,0,0.02
10,897855.6268,908259.4618,0.5159,0.5218,0.5978,0.9885,0.6513,7,0,0.02
11,945380.9362,955808.0139,0.5432,0.5492,0.5991,0.9891,0.6495,7,0,0.02
12,991368.9316,1001796.0093,0.5696,0.5756,0.5991,0.9896,0.648,8,0,0.02
13,1037069.5387,1047496.6164,0.5959,0.6018,0.5991,0.99,0.6467,9,0,0.02
14,1077915.8116,1088342.8894,0.6193,0.6253,0.5991,0.9904,0.6457,10,0,0.02
15,1115788.5957,1126215.6734,0.6411,0.6471,0.5991,0.9907,0.6447,11,0,0.06
