klaster,kecamatan_utama,n_aset,entropi_raref40,hill_q0,hill_q1,hill_q2
2,Setiabudi,409,0.2022,4.3619,1.6534,1.2803
10,Grogol Petamburan,279,0.1858,3.9141,1.5679,1.2507
0,Kebayoran Baru,155,0.1955,4.3007,1.6225,1.2646
17,Tebet,148,0.1532,3.1015,1.4562,1.2169
21,Palmerah,134,0.0561,2.019,1.1404,1.0601
4,Kebayoran Baru,129,0.2204,4.6874,1.7111,1.301
16,Jagakarsa,56,0.0338,1.7143,1.0888,1.0367
7,Gambir,49,0.2699,4.7505,1.9113,1.4124
13,Setiabudi,49,0.1585,4.2653,1.4615,1.1823
11,Kebayoran Lama,47,0.359,3.9611,2.3749,1.9158
1,Menteng,45,0.4457,5.8687,2.9106,2.0025
