kecamatan,hill_q0,hill_q1,hill_q2,n_aset_ovt,pangsa_nonkul_ovt,entropi_raref_ovt,status_ragam_ovt
Cengkareng,6.3489,1.834,1.353,565,0.1434,0.2493,setara pangsa kota
Grogol Petamburan,5.1419,1.6726,1.3026,985,0.1269,0.2079,di bawah pangsa kota
Kalideres,6.1328,1.7614,1.3184,455,0.1297,0.2311,setara pangsa kota
Kebon Jeruk,6.429,1.8792,1.3667,697,0.1463,0.2614,setara pangsa kota
Kembangan,6.5828,1.9262,1.3842,827,0.1511,0.2688,setara pangsa kota
Palmerah,6.0672,1.6536,1.2538,352,0.108,0.2066,di bawah pangsa kota
Taman Sari,5.2106,1.5286,1.2146,533,0.0938,0.1748,di bawah pangsa kota
Tambora,5.5182,1.8157,1.4042,324,0.1636,0.2457,setara pangsa kota
Cempaka Putih,6.3476,1.6325,1.2456,289,0.1038,0.1994,di bawah pangsa kota
Gambir,7.157,2.1332,1.4646,529,0.1739,0.306,setara pangsa kota
Johar Baru,,,,92,0.163,,setara pangsa kota
Kemayoran,6.9654,2.0493,1.447,440,0.1705,0.292,setara pangsa kota
Menteng,7.3054,2.2748,1.6018,939,0.2194,0.3436,di atas pangsa kota
Sawah Besar,7.7946,2.5099,1.6515,378,0.2302,0.3831,di atas pangsa kota
Senen,7.3233,2.4362,1.6768,335,0.2388,0.3735,di atas pangsa kota
Tanah Abang,6.7195,2.2813,1.6871,1286,0.2496,0.3451,di atas pangsa kota
Cilandak,6.7202,1.8055,1.3145,921,0.126,0.2369,di bawah pangsa kota
Jagakarsa,7.0137,2.0507,1.4366,556,0.1673,0.2946,setara pangsa kota
Kebayoran Baru,6.5656,1.8639,1.3615,1770,0.1418,0.2485,setara pangsa kota
Kebayoran Lama,6.7252,2.141,1.5421,964,0.2044,0.3162,di atas pangsa kota
Mampang Prapatan,7.5382,2.0344,1.4158,685,0.1606,0.2883,setara pangsa kota
Pancoran,7.534,2.022,1.3992,416,0.1538,0.2852,setara pangsa kota
Pasar Minggu,7.9596,2.1385,1.4488,739,0.1705,0.3114,setara pangsa kota
Pesanggrahan,7.2137,1.9812,1.4045,427,0.1569,0.2799,setara pangsa kota
Setiabudi,7.2413,1.9437,1.3694,1056,0.1439,0.2675,setara pangsa kota
Tebet,6.0435,1.8263,1.3568,830,0.1398,0.2447,setara pangsa kota
Cakung,6.2995,2.0252,1.4592,510,0.1765,0.2947,setara pangsa kota
Cipayung,7.1549,1.9613,1.3859,388,0.1546,0.282,setara pangsa kota
Ciracas,6.6266,1.903,1.3754,351,0.151,0.2686,setara pangsa kota
Duren Sawit,6.5435,1.8856,1.3664,767,0.1447,0.2553,setara pangsa kota
Jatinegara,7.2891,2.1806,1.5009,442,0.19,0.325,setara pangsa kota
Kramat Jati,6.3808,1.9837,1.4468,509,0.1749,0.2861,setara pangsa kota
Makasar,7.2769,2.0275,1.4256,295,0.1661,0.2988,setara pangsa kota
Matraman,6.967,1.8069,1.3074,214,0.1262,0.2453,setara pangsa kota
Pasar Rebo,6.6732,2.0007,1.4218,249,0.1647,0.2895,setara pangsa kota
Pulo Gadung,6.0604,1.8337,1.3635,554,0.148,0.255,setara pangsa kota
Cilincing,6.0571,2.0561,1.4952,192,0.1875,0.2961,setara pangsa kota
Kelapa Gading,5.8111,1.7614,1.335,1155,0.1368,0.2358,di bawah pangsa kota
Koja,5.3346,1.6795,1.2859,300,0.12,0.2126,setara pangsa kota
Pademangan,8.0735,2.2023,1.4871,363,0.1846,0.3251,setara pangsa kota
Penjaringan,6.0098,1.7906,1.3415,1170,0.1393,0.2403,setara pangsa kota
Tanjung Priok,5.7726,1.6802,1.2736,664,0.1114,0.2079,di bawah pangsa kota
