kecamatan,frek_top9: biner (Tahap 3),status: biner (Tahap 3),akses_rendah_utama: biner (Tahap 3),frek_top9: E2SFCA,status: E2SFCA,akses_rendah_utama: E2SFCA,frek_top9: Gaussian,status: Gaussian,akses_rendah_utama: Gaussian
Kalideres,1.0,Prioritas utama,315005.5956,1.0,Prioritas utama,332026.2277,1.0,Prioritas utama,330759.8292
Cipayung,1.0,Prioritas utama,74798.4696,1.0,Prioritas utama,85515.3324,1.0,Prioritas utama,84445.0601
Cilincing,1.0,Prioritas utama,261762.1731,1.0,Prioritas utama,281699.3789,1.0,Prioritas utama,278180.8658
Cakung,1.0,Prioritas utama,367891.6381,1.0,Prioritas utama,353310.9838,1.0,Prioritas utama,348925.7753
Cengkareng,0.9583,Prioritas utama,304741.4377,1.0,Prioritas utama,348414.4474,1.0,Prioritas utama,346392.1478
Tanjung Priok,0.9167,Prioritas utama,54733.7197,0.9167,Prioritas utama,90429.6839,0.8542,Prioritas utama,100965.7534
Koja,0.7292,Prioritas lanjutan,100906.0854,0.6667,Prioritas lanjutan,127851.0889,0.6667,Prioritas lanjutan,130500.1884
Ciracas,0.6875,Prioritas lanjutan,28721.7067,0.5417,Prioritas lanjutan,40043.0852,0.5417,Prioritas lanjutan,39638.1527
Penjaringan,0.3542,-,48372.7646,0.4583,-,58308.9643,0.4167,-,64222.342
Kembangan,0.3333,-,13014.2855,0.3333,-,17795.7674,0.3333,-,20605.0533
Duren Sawit,0.3125,-,44758.6399,0.3333,-,31640.4275,0.3125,-,35546.2352
Makasar,0.25,-,6894.0829,0.3333,-,13421.8993,0.375,-,11589.2798
Pademangan,0.1667,-,4287.1033,0.0417,-,3708.8151,0.0417,-,3874.2356
Pesanggrahan,0.125,-,35822.7992,0.1458,-,62155.0431,0.2292,-,60522.9569
Pasar Rebo,0.125,-,37361.4293,0.1667,-,53478.4891,0.1667,-,52517.9752
Tambora,0.0417,-,25545.9371,0.0208,-,32971.215,0.0208,-,39401.8043
Kebon Jeruk,0.0,-,0.0,0.0,-,0.0,0.0,-,0.0
Grogol Petamburan,0.0,-,11397.3755,0.0,-,7211.265,0.0,-,7366.8651
Gambir,0.0,-,0.0,0.0,-,0.0,0.0,-,0.0
Cempaka Putih,0.0,-,0.0,0.0,-,0.0,0.0,-,0.0
Taman Sari,0.0,-,0.0,0.0,-,0.0,0.0,-,0.0
Palmerah,0.0,-,0.0,0.0,-,0.0,0.0,-,0.0
Senen,0.0,-,0.0,0.0,-,0.0,0.0,-,0.0
Johar Baru,0.0,-,0.0,0.0,-,0.0,0.0,-,0.0
Menteng,0.0,-,0.0,0.0,-,0.0,0.0,-,0.0
Kemayoran,0.0,-,0.0,0.0,-,0.0,0.0,-,0.0
Tebet,0.0,-,0.0,0.0,-,0.0,0.0,-,0.0
Setiabudi,0.0,-,0.0,0.0,-,0.0,0.0,-,0.0
Pasar Minggu,0.0,-,0.0,0.0,-,0.0,0.0,-,0.0
Pancoran,0.0,-,0.0,0.0,-,0.0,0.0,-,0.0
Kebayoran Lama,0.0,-,0.0,0.0,-,0.0,0.0,-,0.0
Mampang Prapatan,0.0,-,0.0,0.0,-,0.0,0.0,-,0.0
Kebayoran Baru,0.0,-,0.0,0.0,-,0.0,0.0,-,0.0
Jagakarsa,0.0,-,628.9219,0.0,-,5404.8593,0.0,-,6704.133
Sawah Besar,0.0,-,0.0,0.0,-,0.0,0.0,-,0.0
Cilandak,0.0,-,0.0,0.0,-,0.0,0.0,-,0.0
Tanah Abang,0.0,-,0.0,0.0,-,0.0,0.0,-,0.0
Jatinegara,0.0,-,0.0,0.0,-,0.0,0.0,-,0.0
Matraman,0.0,-,0.0,0.0,-,0.0,0.0,-,0.0
Kramat Jati,0.0,-,0.0,0.0,-,0.0,0.0,-,0.0
Kelapa Gading,0.0,-,3548.7398,0.0,-,897.4301,0.0,-,783.1388
Pulo Gadung,0.0,-,284.7209,0.0417,-,2043.6696,0.0417,-,4654.8454
