ovt_id	nama	kat_primer	confidence	kecamatan	kota	lon	lat	tautan_peta	label_manual
1a574667-e765-4dd0-9032-dc01ab092809	Geraha Ems Indoappliace	music_venue	0.717429817	Tebet	Jakarta Selatan	106.857043	-6.236232	"https://www.google.com/maps?q=-6.236232,106.857043"	bukan ruang kreatif
baabfafc-86c8-414a-b679-489e015325fe	Asrama Polisi Petamburan	music_venue	0.715977311	Palmerah	Jakarta Barat	106.803808	-6.195111	"https://www.google.com/maps?q=-6.195111,106.803808"	bukan ruang kreatif
410dc4f7-d060-4489-ab17-bafcd1bba351	Rock Club Cibubur	music_venue	0.595921934	Cipayung	Jakarta Timur	106.902772	-6.37432	"https://www.google.com/maps?q=-6.37432,106.902772"	venue musik
db6f84be-b7b4-42ba-b8a5-4b09f3e57303	Smks Bina Karya Utama Jakarta	music_venue	0.744427443	Cakung	Jakarta Timur	106.9654	-6.1871	"https://www.google.com/maps?q=-6.1871,106.9654"	bukan ruang kreatif
b1011b8c-2f7f-4cf0-9bec-f675161b8da9	Studio 9 Ciracas	music_venue	0.643619537	Ciracas	Jakarta Timur	106.876159	-6.327792	"https://www.google.com/maps?q=-6.327792,106.876159"	venue musik
7ac8abdd-69ef-4845-8623-a08cc913c6e5	Jl. H. Tohir Lenteng Agung	music_venue	0.538063526	Jagakarsa	Jakarta Selatan	106.833296	-6.328979	"https://www.google.com/maps?q=-6.328979,106.833296"	bukan ruang kreatif
b782e475-bd09-496f-8efb-ff3d195c2c80	Wisma Antam Jl. Limo Grogol	music_venue	0.788119376	Kebayoran Lama	Jakarta Selatan	106.780428	-6.225606	"https://www.google.com/maps?q=-6.225606,106.780428"	bukan ruang kreatif
9ae36004-c783-4d51-ad2a-aeb8e90f436e	The Fairground @ Avenue Of The Stars (Lippo Mall Kemang)	music_venue	0.779537439	Mampang Prapatan	Jakarta Selatan	106.812073	-6.260365	"https://www.google.com/maps?q=-6.260365,106.812073"	ruang kreatif lain
d912ae89-3d3d-401b-a0b7-e40206bc116c	18 Musik	music_venue	0.936402559	Gambir	Jakarta Pusat	106.827485	-6.163941	"https://www.google.com/maps?q=-6.163941,106.827485"	ruang kreatif lain
52418dc3-5627-4bd3-91c6-4182dd17266a	"Istana Negara RI, Hall Garuda"	music_venue	0.553655863	Gambir	Jakarta Pusat	106.822986	-6.175991	"https://www.google.com/maps?q=-6.175991,106.822986"	bukan ruang kreatif
bd77de56-c5c5-40f3-b6e0-8d926bd4279e	"gedung pertemuan kopasus,cijantung"	music_venue	0.572945952	Pasar Rebo	Jakarta Timur	106.85758	-6.292595	"https://www.google.com/maps?q=-6.292595,106.85758"	bukan ruang kreatif
8ff4259e-a3e1-4373-b7d1-53a3ae45765a	Willy soemantri music school kalideres	music_venue	0.822976768	Kalideres	Jakarta Barat	106.702576	-6.147882	"https://www.google.com/maps?q=-6.147882,106.702576"	ruang kreatif lain
3fbabafe-834c-42a8-8fae-c044b7faa7bd	Aula Simfonia Jakarta	music_venue	0.993187292	Kemayoran	Jakarta Pusat	106.843085	-6.152943	"https://www.google.com/maps?q=-6.152943,106.843085"	venue musik
72869d46-e93f-4138-acf7-03608befa277	Meeting Room Agung Automall	music_venue	0.524671853	Menteng	Jakarta Pusat	106.834367	-6.186457	"https://www.google.com/maps?q=-6.186457,106.834367"	bukan ruang kreatif
9a57d222-8b1f-4f34-b406-a390a4c3f0bf	"Pelabuhan Muara Baru, Jakarta Utara, Jakarta"	music_venue	0.718550265	Penjaringan	Jakarta Utara	106.802339	-6.10182	"https://www.google.com/maps?q=-6.10182,106.802339"	bukan ruang kreatif
aa9655da-d726-4362-bff0-c7179f4b1e69	"ITC Mangga Dua, 9th floor"	music_venue	0.62976402	Pademangan	Jakarta Utara	106.827713	-6.133713	"https://www.google.com/maps?q=-6.133713,106.827713"	bukan ruang kreatif
f6642457-4b43-4f67-beb0-43ebf128d532	FabulousJazzNight	music_venue	0.538576961	Mampang Prapatan	Jakarta Selatan	106.820864	-6.273278	"https://www.google.com/maps?q=-6.273278,106.820864"	venue musik
833427a4-6847-4d05-b87e-38e9c62c8ef2	Kolaboraci	music_venue	0.521478593	Setiabudi	Jakarta Selatan	106.817192	-6.225865	"https://www.google.com/maps?q=-6.225865,106.817192"	venue musik
607d94ae-b1b0-47c3-9008-b55cb401a854	Parahiyangan Hall	music_venue	0.755562842	Gambir	Jakarta Pusat	106.81239	-6.18203	"https://www.google.com/maps?q=-6.18203,106.81239"	bukan ruang kreatif
5a66c4bb-8552-449f-b204-3fa15ce740de	Metrotama Music Nusantara	music_venue	0.531282425	Pancoran	Jakarta Selatan	106.828059	-6.258388	"https://www.google.com/maps?q=-6.258388,106.828059"	venue musik
56e0f977-45a0-4881-b647-4398c3f4d639	Kantor Pt Pedima	music_venue	0.76827389	Kebon Jeruk	Jakarta Barat	106.76325	-6.16715	"https://www.google.com/maps?q=-6.16715,106.76325"	bukan ruang kreatif
2da5db88-f431-4cf2-8abc-d70003ec1c09	Guitar Freaks Jakarta	music_venue	0.77	Cilandak	Jakarta Selatan	106.795919	-6.281219	"https://www.google.com/maps?q=-6.281219,106.795919"	venue musik
d0c24460-a042-4e2f-b42d-96db4140117c	"Ruang Subadra, Menara Bidakara"	music_venue	0.862306468	Tebet	Jakarta Selatan	106.840882	-6.241574	"https://www.google.com/maps?q=-6.241574,106.840882"	bukan ruang kreatif
18ebd56d-cfa3-443c-b0f5-27c83bd33897	Pelaminan Decoration	music_venue	0.5219208	Pancoran	Jakarta Selatan	106.83358	-6.25736	"https://www.google.com/maps?q=-6.25736,106.83358"	bukan ruang kreatif
8de0263c-7c62-444b-8b5c-7d78b9263a95	Gg. M. Zen	music_venue	0.80269289	Kramat Jati	Jakarta Timur	106.856992	-6.271674	"https://www.google.com/maps?q=-6.271674,106.856992"	bukan ruang kreatif
123a5b21-76a1-457a-b9e1-6c46660c566c	PT Djarum RSO	music_venue	0.879169583	Palmerah	Jakarta Barat	106.802447	-6.190348	"https://www.google.com/maps?q=-6.190348,106.802447"	bukan ruang kreatif
96718eda-3751-43a9-94aa-ff1fd4f3ac33	Connectinc.id	music_venue	0.949242532	Cilandak	Jakarta Selatan	106.798917	-6.273404	"https://www.google.com/maps?q=-6.273404,106.798917"	ruang serbaguna
15b46d97-f9d3-4c52-b0ac-dc6de4574337	Pon Your Tone #10	music_venue	0.77	Mampang Prapatan	Jakarta Selatan	106.81038	-6.256138	"https://www.google.com/maps?q=-6.256138,106.81038"	venue musik
a4b74450-da9e-400a-a997-b089b44b253d	Ballroom Patrajasa	music_venue	0.544792533	Penjaringan	Jakarta Utara	106.778563	-6.130017	"https://www.google.com/maps?q=-6.130017,106.778563"	ruang kreatif lain
15e271e4-6227-45d1-8b61-aad14b1f1d00	Balai Prajurit Ragunan	music_venue	0.839545786	Pasar Minggu	Jakarta Selatan	106.813883	-6.303484	"https://www.google.com/maps?q=-6.303484,106.813883"	bukan ruang kreatif
4f726622-9e38-4d9f-97f4-85caf0fbbf29	Sounds of Cantata Kebun Jeruk	music_venue	0.587183774	Kembangan	Jakarta Barat	106.744674	-6.202253	"https://www.google.com/maps?q=-6.202253,106.744674"	ruang kreatif lain
b78fd510-8776-40e2-93e6-8b95f04f56dd	Pegangsaan 2 Kelapa Gading	music_venue	0.667822659	Kelapa Gading	Jakarta Utara	106.91542	-6.14641	"https://www.google.com/maps?q=-6.14641,106.91542"	bukan ruang kreatif
24447518-586a-40ff-be31-eafe28048e4b	Aula Asrama Yatim Piatu Al Akhyar	music_venue	0.833543777	Pasar Minggu	Jakarta Selatan	106.815202	-6.276833	"https://www.google.com/maps?q=-6.276833,106.815202"	bukan ruang kreatif
3dae8c1f-a716-4124-84fa-f487d470e452	Parkira Yayasan Cipinang	music_venue	0.789154112	Pulo Gadung	Jakarta Timur	106.895618	-6.20972	"https://www.google.com/maps?q=-6.20972,106.895618"	bukan ruang kreatif
74740d0b-3100-438e-bf4e-0aa400aa4ce1	Komplek TNI AU Griya Kukila	music_venue	0.729366481	Makasar	Jakarta Timur	106.907735	-6.280712	"https://www.google.com/maps?q=-6.280712,106.907735"	bukan ruang kreatif
8cee6349-4801-4dfd-8aec-0222010d6d87	Atrium 21	music_venue	0.688780069	Senen	Jakarta Pusat	106.841343	-6.176813	"https://www.google.com/maps?q=-6.176813,106.841343"	ruang kreatif lain
1c411970-1482-4030-ae42-9275bf784ea9	Djakarta Warehouse Project (DWP)	music_venue	0.77	Pademangan	Jakarta Utara	106.845994	-6.146029	"https://www.google.com/maps?q=-6.146029,106.845994"	venue musik
7372b5cf-21cb-4f82-81ab-926503847bc6	"Komplek Pertani, Duren Tiga"	music_venue	0.759093761	Pancoran	Jakarta Selatan	106.839463	-6.257827	"https://www.google.com/maps?q=-6.257827,106.839463"	bukan ruang kreatif
42aaec81-a321-419a-b80d-31d878d2895a	JTS Entertainment	music_venue	0.558892131	Kemayoran	Jakarta Pusat	106.841655	-6.162602	"https://www.google.com/maps?q=-6.162602,106.841655"	venue musik
376f35f2-c2b7-4d86-a29e-c33c414c38e5	Gamakarta Village - Desa Budaya Jogjakarta	music_venue	0.59963727	Setiabudi	Jakarta Selatan	106.83315	-6.22297	"https://www.google.com/maps?q=-6.22297,106.83315"	bukan ruang kreatif
39af8c00-f406-4d64-ad54-e742c2a13619	The Imperium	music_venue	0.930627584	Setiabudi	Jakarta Selatan	106.83196	-6.22277	"https://www.google.com/maps?q=-6.22277,106.83196"	ruang kreatif lain
41ae3925-e26b-4fd5-b068-6845cfbb2ea6	Cv.ranau Jaya	music_venue	0.720488906	Cilincing	Jakarta Utara	106.92604	-6.119017	"https://www.google.com/maps?q=-6.119017,106.92604"	bukan ruang kreatif
713d3305-aba6-492d-88ef-dce309f2b7d0	"Kp. Makasar, Gang Dago 3 Jakarta Timur"	music_venue	0.752029657	Makasar	Jakarta Timur	106.875846	-6.267893	"https://www.google.com/maps?q=-6.267893,106.875846"	bukan ruang kreatif
936a029a-a090-445e-8d03-bf1d740f636a	GG pengayom city	music_venue	0.750391304	Koja	Jakarta Utara	106.905493	-6.130546	"https://www.google.com/maps?q=-6.130546,106.905493"	bukan ruang kreatif
ad90c022-9662-48f2-b8fd-770e44cd1cfe	89 AUVI	music_venue	0.732686996	Setiabudi	Jakarta Selatan	106.832398	-6.231612	"https://www.google.com/maps?q=-6.231612,106.832398"	ruang kreatif lain
7be4c919-cea5-4965-a2e2-4f5966fd1811	Vihara Maha Dharma ________	music_venue	0.933821797	Gambir	Jakarta Pusat	106.816825	-6.160253	"https://www.google.com/maps?q=-6.160253,106.816825"	bukan ruang kreatif
0d362203-8a7a-4bb2-921a-84283051c443	Allodya Studio	music_venue	0.644774795	Pancoran	Jakarta Selatan	106.843458	-6.250204	"https://www.google.com/maps?q=-6.250204,106.843458"	venue musik
3e8349b9-27a7-4bc0-8459-e21fd79b427e	Sukapura Gg.swadaya	music_venue	0.727277637	Cilincing	Jakarta Utara	106.925967	-6.148248	"https://www.google.com/maps?q=-6.148248,106.925967"	bukan ruang kreatif
288b33f2-5d04-4e4b-85d7-2de974c28540	Tempat Communal Space	music_venue	0.786459327	Mampang Prapatan	Jakarta Selatan	106.82306	-6.2598	"https://www.google.com/maps?q=-6.2598,106.82306"	ruang kreatif lain
3226c162-910d-4f2e-8672-e83a36e259d8	pempek amanda	music_venue	0.77	Jagakarsa	Jakarta Selatan	106.834004	-6.327235	"https://www.google.com/maps?q=-6.327235,106.834004"	bukan ruang kreatif
9e96e013-0f63-4ddf-95df-fd8774980baf	Studio 43	music_venue	0.610177159	Cipayung	Jakarta Timur	106.903561	-6.318936	"https://www.google.com/maps?q=-6.318936,106.903561"	venue musik
f0daf46e-db17-46f8-8934-df7735dce441	Taman Burung Dara	music_venue	0.557602823	Kemayoran	Jakarta Pusat	106.86028	-6.156491	"https://www.google.com/maps?q=-6.156491,106.86028"	bukan ruang kreatif
5552df03-4b87-4562-b446-ad3d98dd1664	Billy Music	music_venue	0.5560624	Jatinegara	Jakarta Timur	106.87455	-6.221905	"https://www.google.com/maps?q=-6.221905,106.87455"	bukan ruang kreatif
e7562ab0-9d9e-4834-bb5b-5fb9eb17a4ed	Albero Island	music_venue	0.657554388	Tebet	Jakarta Selatan	106.854647	-6.232666	"https://www.google.com/maps?q=-6.232666,106.854647"	venue musik
dab7187c-f84b-4ce8-8957-8911cf9e7c44	Relic Music Studio	music_venue	0.921969354	Cilandak	Jakarta Selatan	106.781318	-6.298234	"https://www.google.com/maps?q=-6.298234,106.781318"	ruang kreatif lain
e716443a-6bbc-4031-b655-686629edb5b2	Tanah Pasir Jakarta Utra..	music_venue	0.720367789	Penjaringan	Jakarta Utara	106.799843	-6.12978	"https://www.google.com/maps?q=-6.12978,106.799843"	bukan ruang kreatif
366c5b96-1a8c-45a5-9a85-64cc254f2a23	Pelangi Bioskop	music_venue	0.515878558	Kebayoran Lama	Jakarta Selatan	106.779739	-6.238425	"https://www.google.com/maps?q=-6.238425,106.779739"	ruang kreatif lain
ca9071e4-c277-49d1-a778-5eb41664f357	Rumah Rindang	music_venue	0.556602299	Menteng	Jakarta Pusat	106.82727	-6.19258	"https://www.google.com/maps?q=-6.19258,106.82727"	ruang kreatif lain
9cd9c7d1-a1fa-4f56-8b04-b111fd5f0e7d	Pendopo Anjungan jawa timur	music_venue	0.795074761	Cipayung	Jakarta Timur	106.896702	-6.303278	"https://www.google.com/maps?q=-6.303278,106.896702"	ruang kreatif lain
e7c8a2d4-bf79-41ec-b849-7eb31db67b98	Rumah Karya Bapmultimedia	music_venue	0.775336564	Jagakarsa	Jakarta Selatan	106.80353	-6.35092	"https://www.google.com/maps?q=-6.35092,106.80353"	ruang kreatif lain
fe742f20-decc-4710-b569-7d45ac120192	Krapela Space & Bar	music_venue	0.837885499	Kebayoran Baru	Jakarta Selatan	106.797536	-6.245368	"https://www.google.com/maps?q=-6.245368,106.797536"	venue musik
18aadfb9-947b-4d27-ba79-10d3b42f6f47	Bambuapus city	music_venue	0.746431112	Tebet	Jakarta Selatan	106.857083	-6.236254	"https://www.google.com/maps?q=-6.236254,106.857083"	bukan ruang kreatif
9239b644-7f4e-489e-aaef-c68e6be1fe45	Boax	music_venue	0.81800133	Gambir	Jakarta Pusat	106.81553	-6.16806	"https://www.google.com/maps?q=-6.16806,106.81553"	venue musik
e8def740-9b06-43d8-b11a-b982e0ece900	Kampung Tengah Condt Jaktim	music_venue	0.716006577	Kramat Jati	Jakarta Timur	106.860064	-6.291891	"https://www.google.com/maps?q=-6.291891,106.860064"	bukan ruang kreatif
f1b0c47d-f12f-49df-b17d-56e7f898a2ca	Komplek MABES TNI	music_venue	0.768034518	Palmerah	Jakarta Barat	106.792652	-6.196602	"https://www.google.com/maps?q=-6.196602,106.792652"	bukan ruang kreatif
554dc1d0-7438-49ed-9ea5-0f7d87f2772c	MM Studio	music_venue	0.528550386	Koja	Jakarta Utara	106.899126	-6.124058	"https://www.google.com/maps?q=-6.124058,106.899126"	venue musik
daa78741-d8fe-4c6b-a3c0-c0434383191c	"Menara Sultan Maulana Hasanudin,Banten.."	music_venue	0.700966895	Menteng	Jakarta Pusat	106.824221	-6.19051	"https://www.google.com/maps?q=-6.19051,106.824221"	bukan ruang kreatif
81c41707-7a39-4b2a-a2bd-d27db2bed5d3	EMJI SPACE	music_venue	0.649344623	Setiabudi	Jakarta Selatan	106.827711	-6.228213	"https://www.google.com/maps?q=-6.228213,106.827711"	bukan ruang kreatif
47c1f151-f61e-4da6-b977-e7eb9a85531b	Gedung Gramedia Kampung Melayu	music_venue	0.794946551	Jatinegara	Jakarta Timur	106.869614	-6.224371	"https://www.google.com/maps?q=-6.224371,106.869614"	bukan ruang kreatif
37eebaee-d717-4220-897e-fcf6fbea828a	Sunter DKI lama	music_venue	0.703454673	Tanjung Priok	Jakarta Utara	106.868128	-6.154573	"https://www.google.com/maps?q=-6.154573,106.868128"	bukan ruang kreatif
5fdbbfec-f369-48ef-82e0-ec110a7ee1c4	Guitar Freaks Jakarta	music_venue	0.72859782	Cilandak	Jakarta Selatan	106.79735	-6.27218	"https://www.google.com/maps?q=-6.27218,106.79735"	venue musik
e47ad91c-6b6e-4e6e-8a3e-d17e5ef94d30	"Base camp full Garuda Mas jet bus,Jakarta Utara"	music_venue	0.723753631	Kelapa Gading	Jakarta Utara	106.914761	-6.182225	"https://www.google.com/maps?q=-6.182225,106.914761"	bukan ruang kreatif
71836040-a325-424c-ac12-8f5417e6923e	Balon Angkasa 12	music_venue	0.533727288	Kebayoran Lama	Jakarta Selatan	106.77934	-6.23638	"https://www.google.com/maps?q=-6.23638,106.77934"	bukan ruang kreatif
3ae93518-3efa-4938-9ed1-09bfcf533440	Jatinegara Gg SS ...	music_venue	0.701420128	Jatinegara	Jakarta Timur	106.873454	-6.218858	"https://www.google.com/maps?q=-6.218858,106.873454"	bukan ruang kreatif
f8a58211-ff45-4809-86fc-62d0339cb0bb	Sat Intel Bais	music_venue	0.587439418	Pasar Minggu	Jakarta Selatan	106.82533	-6.287982	"https://www.google.com/maps?q=-6.287982,106.82533"	bukan ruang kreatif
f130b575-6618-432c-a863-e45b5746e211	Golden crown glodok plaza	music_venue	0.680315077	Grogol Petamburan	Jakarta Barat	106.790004	-6.176872	"https://www.google.com/maps?q=-6.176872,106.790004"	venue musik
ce335637-b9bb-4200-957f-36a9a2f96326	Mainstream School of Arts and Gallery	music_venue	0.743207574	Sawah Besar	Jakarta Pusat	106.836483	-6.14915	"https://www.google.com/maps?q=-6.14915,106.836483"	ruang kreatif lain
b0956464-d177-43e6-91d6-9294f417e95e	Premiere Emporium Pluit	music_venue	0.512978375	Penjaringan	Jakarta Utara	106.791524	-6.127756	"https://www.google.com/maps?q=-6.127756,106.791524"	ruang kreatif lain
91b18510-0c08-4339-a17e-83433976a913	Projek Sudirman 78	music_venue	0.745362997	Tanah Abang	Jakarta Pusat	106.82065	-6.208518	"https://www.google.com/maps?q=-6.208518,106.82065"	bukan ruang kreatif
17b9e48f-8cea-474b-ac07-38999d41ad27	Gd. Mulia dan Raja	music_venue	0.618138731	Jatinegara	Jakarta Timur	106.878723	-6.234482	"https://www.google.com/maps?q=-6.234482,106.878723"	ruang kreatif lain
7fe82406-7764-44ee-b212-8b813cdc298c	Taman Hatinya PKK	music_venue	0.549078941	Pulo Gadung	Jakarta Timur	106.898277	-6.201831	"https://www.google.com/maps?q=-6.201831,106.898277"	bukan ruang kreatif
13751fed-6deb-4c15-aa28-a7c07d4fba98	Yamaha Music Pondok Indah	music_venue	0.96705741	Kebayoran Lama	Jakarta Selatan	106.783058	-6.266667	"https://www.google.com/maps?q=-6.266667,106.783058"	ruang kreatif lain
de507b30-6da0-41b4-a00f-e60ef964023f	Sangkar Tari	music_venue	0.81733346	Pasar Minggu	Jakarta Selatan	106.83551	-6.28899	"https://www.google.com/maps?q=-6.28899,106.83551"	ruang kreatif lain
e80de695-9b6b-4819-a7dd-f23df121d820	Margaria Bioskop	music_venue	0.586241305	Tanjung Priok	Jakarta Utara	106.881581	-6.11278	"https://www.google.com/maps?q=-6.11278,106.881581"	ruang kreatif lain
3a56d7cd-79b5-4181-b5c8-28e84cd8e47a	Pondok Ranggon - Cibubur	music_venue	0.582811117	Cilincing	Jakarta Utara	106.933494	-6.110454	"https://www.google.com/maps?q=-6.110454,106.933494"	bukan ruang kreatif
463d406a-c0eb-4ced-a5c0-175b9a0388a7	Keroncong Tugu Cafrinho	music_venue	0.567751944	Cilincing	Jakarta Utara	106.91872	-6.12829	"https://www.google.com/maps?q=-6.12829,106.91872"	ruang kreatif lain
eb6a6d22-eeb2-4dda-8346-c2c55cab0238	Gedung Putera	music_venue	0.587741196	Sawah Besar	Jakarta Pusat	106.836918	-6.156425	"https://www.google.com/maps?q=-6.156425,106.836918"	ruang kreatif lain
ad36d6e5-59d0-45e6-b4d1-6e66057eaeb9	Sanggar Nur Jln.haji Ali Kramat Jati Jakarta Timur	music_venue	0.729986429	Kramat Jati	Jakarta Timur	106.860565	-6.292814	"https://www.google.com/maps?q=-6.292814,106.860565"	ruang kreatif lain
53e23874-dd5f-47f2-85c9-c000cdfa90fd	Cisewu Kabupaten Garut Selatan	music_venue	0.716230214	Tanjung Priok	Jakarta Utara	106.890631	-6.11595	"https://www.google.com/maps?q=-6.11595,106.890631"	bukan ruang kreatif
8b0e1a59-61e2-4544-b425-cb30e961d798	Graha Simatupang Tower D	music_venue	0.551324964	Pesanggrahan	Jakarta Selatan	106.767996	-6.268787	"https://www.google.com/maps?q=-6.268787,106.767996"	bukan ruang kreatif
45fb0701-6fdd-4577-9642-c3b7653ab8f5	FAJAR entertaint	music_venue	0.79844451	Kebayoran Baru	Jakarta Selatan	106.78993	-6.23912	"https://www.google.com/maps?q=-6.23912,106.78993"	ruang kreatif lain
813105ed-f123-4f14-a85c-ca33d1cccd7a	Balai Komando Cijantung	music_venue	0.74484092	Pasar Rebo	Jakarta Timur	106.85395	-6.31744	"https://www.google.com/maps?q=-6.31744,106.85395"	bukan ruang kreatif
fbb5fc2e-7637-48c0-9855-26c8ea54f684	Pt Selo Agung	music_venue	0.762185335	Grogol Petamburan	Jakarta Barat	106.78936	-6.16065	"https://www.google.com/maps?q=-6.16065,106.78936"	bukan ruang kreatif
46a4c59a-68bf-4447-95d4-427ef5e40988	"FX Sudirman, Jl Jend Sudirman, Gelora Tnabang, Jakpus rno"	music_venue	0.720283926	Tanah Abang	Jakarta Pusat	106.803712	-6.224494	"https://www.google.com/maps?q=-6.224494,106.803712"	venue musik
6ec947b5-77c5-4c72-bedd-0d89079f6c57	Serenata Permata Hijau	music_venue	0.52592802	Jagakarsa	Jakarta Selatan	106.83431	-6.32641	"https://www.google.com/maps?q=-6.32641,106.83431"	bukan ruang kreatif
27058a1f-2275-4d6a-b90d-032edd360217	Melting Pop	music_venue	0.731127799	Kebayoran Baru	Jakarta Selatan	106.80028	-6.24778	"https://www.google.com/maps?q=-6.24778,106.80028"	ruang kreatif lain
a6d095e1-1735-458b-b2ee-21ed7a80407d	M'nB	music_venue	0.77	Taman Sari	Jakarta Barat	106.821613	-6.149562	"https://www.google.com/maps?q=-6.149562,106.821613"	venue musik
c716ad3e-afff-4614-99d6-2b8f147b6172	"Virgo Ramayana Music & Entertainment, PT"	music_venue	0.545704007	Gambir	Jakarta Pusat	106.81356	-6.17361	"https://www.google.com/maps?q=-6.17361,106.81356"	ruang kreatif lain
1249189c-2727-4c14-be09-a12e8666e786	Rodamas Grup	music_venue	0.84088397	Grogol Petamburan	Jakarta Barat	106.79073	-6.17043	"https://www.google.com/maps?q=-6.17043,106.79073"	bukan ruang kreatif
02d98f23-79d6-4cf4-bf19-1e40ad451d23	gedung LKMD	music_venue	0.732984722	Tebet	Jakarta Selatan	106.843681	-6.229497	"https://www.google.com/maps?q=-6.229497,106.843681"	bukan ruang kreatif