,osm_juli,overture,rasio_osm_per_overture
seni_pertunjukan,26,77,0.33766233766233766
seni_rupa_galeri,24,151,0.15894039735099338
musik,18,540,0.03333333333333333
film_sinema,30,202,0.1485148514851485
kriya,2,136,0.014705882352941176
fesyen,117,1903,0.061481870730425645
penerbitan_literasi,96,364,0.26373626373626374
desain_layanan_kreatif,18,456,0.039473684210526314
coworking_hub,7,34,0.20588235294117646
fotografi,37,188,0.19680851063829788
kuliner_kafe,767,5529,0.1387230964007958
kuliner_restoran,1775,15933,0.11140400426787171
