butir,hasil_run,naskah,slide
Median akses kota (per 100.000 penduduk),"14,6","29,2","29,2 (slide 9 dan 10)"
Ambang akses rendah (per 100.000 penduduk),"7,3",tidak disebut,tidak disebut
Penduduk dengan akses rendah,1.766.634,1.766.634,"1,77 juta"
Penduduk terjangkau sembilan simpul,848.937,848.937,±853 ribu
"Cakupan simpul, penyebut sel data memadai","48,8%","48,8%","48,9%"
"Cakupan simpul, penyebut seluruh penduduk akses rendah","48,1%",tidak disebut,tidak disebut
Penduduk terjangkau Pasar Semper,107.938,"107,9 ribu","112,3 ribu"
Aset kreatif Overture,25.513,25.513,25.320
Aset OSM terhadap Overture,"11,4%","11,4%",±12%
Moran's I Overture non-kuliner,"0,282","0,282","0,291"
Elastisitas terhadap tempat non-kreatif (Overture),"1,26","1,26","1,27"
Moran's I EB pangsa non-kuliner (Overture),"0,064 (p = 0,0015)","0,064 (p = 0,002)","0,073 (p = 0,0002)"
"Pangsa non-kuliner Overture, kota","15,9%","15,9%","15,2%"
"Pangsa non-kuliner Overture, Kalideres","13,0%","13,0%",11–12%
Kekurangan ruang Cakung (target median kota),44,±44,±44
