kecamatan,nonkul_osm_juli,nonkul_overture,ruang_budaya_overture,tambahan_budaya_osm,contoh_tambahan_osm,pct_penduduk_data_tipis
Johar Baru,0,15,4,0,,0.03870170620338573
Matraman,4,27,5,0,,0.011266694826046931
Duren Sawit,0,111,18,0,,0.07750458069870464
Cempaka Putih,3,30,4,0,,0.34958556331001445
Kemayoran,5,75,16,0,,0.21234447464363804
Pulo Gadung,2,82,22,0,,0.0
Kebon Jeruk,4,102,52,4,Bvoice Radio; Studio Ubud; Museum MACAN,0.15102117288288872
Koja,7,36,5,0,,0.16808307640235373
Kembangan,5,125,26,0,,0.03382232395438281
