d0,pasokan,penduduk,kebutuhan,kebutuhan_total,terlayani_mclp,dipakai_untuk_stabilitas,top9,kecamatan_lokasi_mclp
1000,OSM non-kuliner,WorldPop,data memadai,4831476.466576585,606553.8078067303,False,Duren Sawit; Cakung; Kalideres; Penjaringan; Cilincing; Cengkareng; Cipayung; Kembangan; Kebon Jeruk,Jatinegara; Kebon Jeruk; Cengkareng; Duren Sawit; Kalideres; Duren Sawit; Penjaringan; Cakung; Pulo Gadung
1000,OSM non-kuliner,WorldPop,semua,5088887.423020848,665179.3882465363,False,Duren Sawit; Cakung; Kalideres; Penjaringan; Cilincing; Kebon Jeruk; Cengkareng; Cipayung; Kembangan,Jatinegara; Kembangan; Duren Sawit; Cengkareng; Kebon Jeruk; Duren Sawit; Duren Sawit; Kalideres; Kebon Jeruk
1000,OSM non-kuliner,WorldPop dikalibrasi data resmi,data memadai,4670616.851639337,612196.5336245825,False,Cakung; Duren Sawit; Cilincing; Kalideres; Cengkareng; Penjaringan; Jagakarsa; Cipayung; Kebon Jeruk,Jatinegara; Cengkareng; Duren Sawit; Kalideres; Cilincing; Kebon Jeruk; Cakung; Pulo Gadung; Kramat Jati
1000,OSM non-kuliner,WorldPop dikalibrasi data resmi,semua,4902192.738933005,631102.7661982808,False,Cakung; Duren Sawit; Cilincing; Kalideres; Cengkareng; Penjaringan; Kebon Jeruk; Jagakarsa; Kramat Jati,Jatinegara; Cengkareng; Duren Sawit; Duren Sawit; Kalideres; Duren Sawit; Kebon Jeruk; Cilincing; Cakung
1000,OSM ruang kreatif publik,WorldPop,data memadai,6189471.881391631,646365.8840065002,False,Cakung; Kalideres; Duren Sawit; Cengkareng; Penjaringan; Cilincing; Kembangan; Pulo Gadung; Tanjung Priok,Jatinegara; Kelapa Gading; Cengkareng; Kalideres; Duren Sawit; Kebon Jeruk; Pesanggrahan; Duren Sawit; Kalideres
1000,OSM ruang kreatif publik,WorldPop,semua,6519059.247183429,690612.705083847,False,Cakung; Duren Sawit; Kalideres; Cengkareng; Penjaringan; Kembangan; Cilincing; Pulo Gadung; Tanjung Priok,Jatinegara; Kelapa Gading; Duren Sawit; Koja; Cengkareng; Duren Sawit; Kebon Jeruk; Kalideres; Duren Sawit
1000,OSM ruang kreatif publik,WorldPop dikalibrasi data resmi,data memadai,6165351.807696237,681235.2450468934,False,Cakung; Cengkareng; Kalideres; Duren Sawit; Cilincing; Penjaringan; Tanjung Priok; Koja; Pulo Gadung,Jatinegara; Cengkareng; Koja; Cengkareng; Kalideres; Cengkareng; Cakung; Duren Sawit; Johar Baru
1000,OSM ruang kreatif publik,WorldPop dikalibrasi data resmi,semua,6486983.776234318,735760.5121832858,False,Cakung; Cengkareng; Kalideres; Duren Sawit; Cilincing; Koja; Penjaringan; Tanjung Priok; Kramat Jati,Koja; Jatinegara; Cengkareng; Cengkareng; Duren Sawit; Cengkareng; Tambora; Kalideres; Cengkareng
1000,Overture non-kuliner,WorldPop,data memadai,1582450.1019108088,347522.93172664184,True,Kalideres; Cakung; Cilincing; Cipayung; Cengkareng; Ciracas; Kembangan; Tanjung Priok; Koja,Kalideres; Kalideres; Cakung; Kalideres; Cakung; Cilincing; Kelapa Gading; Tanjung Priok; Cipayung
1000,Overture non-kuliner,WorldPop,semua,1584661.7288334162,347522.93172664184,True,Kalideres; Cakung; Cilincing; Cipayung; Cengkareng; Ciracas; Kembangan; Tanjung Priok; Koja,Kalideres; Kalideres; Cakung; Kalideres; Cakung; Cilincing; Kelapa Gading; Tanjung Priok; Cipayung
1000,Overture non-kuliner,WorldPop dikalibrasi data resmi,data memadai,1656535.9626679039,443209.43326312595,True,Cilincing; Kalideres; Cakung; Koja; Cengkareng; Ciracas; Cipayung; Tanjung Priok; Pasar Rebo,Koja; Koja; Cakung; Koja; Kalideres; Kalideres; Cakung; Cengkareng; Cilincing
1000,Overture non-kuliner,WorldPop dikalibrasi data resmi,semua,1675049.63609824,456176.0126801635,True,Cilincing; Kalideres; Cakung; Koja; Cengkareng; Ciracas; Cipayung; Tanjung Priok; Pasar Rebo,Koja; Koja; Koja; Cakung; Kalideres; Kalideres; Cakung; Cengkareng; Cilincing
1000,Overture ruang kreatif publik,WorldPop,data memadai,2366427.117024044,468315.32323847024,True,Kalideres; Cakung; Cengkareng; Cilincing; Kembangan; Tanjung Priok; Cipayung; Penjaringan; Ciracas,Cakung; Cengkareng; Kalideres; Kalideres; Pesanggrahan; Kalideres; Cakung; Tambora; Cengkareng
1000,Overture ruang kreatif publik,WorldPop,semua,2403817.9042612114,472440.74947939126,True,Kalideres; Cakung; Cengkareng; Cilincing; Kembangan; Tanjung Priok; Cipayung; Penjaringan; Duren Sawit,Cakung; Cengkareng; Kalideres; Kalideres; Pesanggrahan; Tambora; Kalideres; Cakung; Cengkareng
1000,Overture ruang kreatif publik,WorldPop dikalibrasi data resmi,data memadai,2237883.799897933,513186.674988357,True,Cengkareng; Cakung; Kalideres; Cilincing; Tanjung Priok; Koja; Cipayung; Ciracas; Pesanggrahan,Cengkareng; Cengkareng; Cakung; Koja; Kalideres; Tambora; Cakung; Kalideres; Kalideres
1000,Overture ruang kreatif publik,WorldPop dikalibrasi data resmi,semua,2274716.0481618713,530846.6223388349,True,Cengkareng; Cakung; Kalideres; Cilincing; Koja; Tanjung Priok; Cipayung; Ciracas; Tambora,Cengkareng; Tambora; Cengkareng; Cakung; Koja; Kalideres; Cakung; Kalideres; Kalideres
1000,gabungan non-kuliner,WorldPop,data memadai,1541991.6904147717,360508.3473865463,True,Kalideres; Cakung; Cilincing; Cipayung; Cengkareng; Kembangan; Ciracas; Tanjung Priok; Penjaringan,Kalideres; Cakung; Kalideres; Kalideres; Cakung; Cilincing; Kelapa Gading; Cipayung; Penjaringan
1000,gabungan non-kuliner,WorldPop,semua,1544605.1013644787,360508.3473865463,True,Kalideres; Cakung; Cilincing; Cipayung; Cengkareng; Kembangan; Ciracas; Tanjung Priok; Koja,Kalideres; Cakung; Kalideres; Kalideres; Cakung; Cilincing; Kelapa Gading; Cipayung; Penjaringan
1000,gabungan non-kuliner,WorldPop dikalibrasi data resmi,data memadai,1562196.408544368,427648.7906710464,True,Cilincing; Kalideres; Cakung; Koja; Cengkareng; Cipayung; Ciracas; Tanjung Priok; Makasar,Koja; Cakung; Koja; Kalideres; Kalideres; Cakung; Cilincing; Kalideres; Cengkareng
1000,gabungan non-kuliner,WorldPop dikalibrasi data resmi,semua,1578972.4990859472,436410.90598051687,True,Cilincing; Kalideres; Cakung; Koja; Cengkareng; Cipayung; Ciracas; Tanjung Priok; Makasar,Koja; Cakung; Koja; Kalideres; Kalideres; Cakung; Cilincing; Kalideres; Cengkareng
1000,gabungan ruang kreatif publik,WorldPop,data memadai,2329756.77834362,470328.57252130716,True,Kalideres; Cakung; Cengkareng; Cilincing; Kembangan; Tanjung Priok; Cipayung; Penjaringan; Duren Sawit,Cakung; Cengkareng; Kalideres; Kalideres; Pesanggrahan; Kalideres; Cakung; Tambora; Cengkareng
1000,gabungan ruang kreatif publik,WorldPop,semua,2367428.353548469,474981.2011782309,True,Kalideres; Cakung; Cengkareng; Cilincing; Kembangan; Tanjung Priok; Cipayung; Penjaringan; Duren Sawit,Cakung; Cengkareng; Kalideres; Kalideres; Pesanggrahan; Tambora; Kalideres; Cakung; Duren Sawit
1000,gabungan ruang kreatif publik,WorldPop dikalibrasi data resmi,data memadai,2258897.2710886314,515673.77609622554,True,Cengkareng; Cakung; Kalideres; Cilincing; Koja; Tanjung Priok; Cipayung; Penjaringan; Pesanggrahan,Cengkareng; Cengkareng; Cakung; Kalideres; Tambora; Cakung; Kalideres; Kalideres; Koja
1000,gabungan ruang kreatif publik,WorldPop dikalibrasi data resmi,semua,2294609.573704461,530388.1678788168,True,Cengkareng; Cakung; Kalideres; Cilincing; Koja; Tanjung Priok; Cipayung; Penjaringan; Tambora,Cengkareng; Tambora; Cengkareng; Cakung; Kalideres; Cakung; Kalideres; Kalideres; Koja
1500,OSM non-kuliner,WorldPop,data memadai,3855758.647626157,1202741.5051936507,False,Cakung; Duren Sawit; Kalideres; Penjaringan; Cilincing; Kembangan; Cengkareng; Kebon Jeruk; Pulo Gadung,Jatinegara; Kalideres; Cakung; Duren Sawit; Kembangan; Cengkareng; Pulo Gadung; Kebon Jeruk; Duren Sawit
1500,OSM non-kuliner,WorldPop,semua,4072210.620033021,1257417.7863613963,False,Duren Sawit; Cakung; Kalideres; Penjaringan; Cilincing; Kebon Jeruk; Kembangan; Cengkareng; Pulo Gadung,Duren Sawit; Duren Sawit; Kalideres; Pulo Gadung; Kembangan; Cengkareng; Pulo Gadung; Cakung; Kebon Jeruk
1500,OSM non-kuliner,WorldPop dikalibrasi data resmi,data memadai,3950356.346133532,1178833.410884388,False,Cakung; Kalideres; Duren Sawit; Cilincing; Cengkareng; Penjaringan; Cipayung; Kramat Jati; Makasar,Jatinegara; Cakung; Kalideres; Cengkareng; Duren Sawit; Kalideres; Cilincing; Kramat Jati; Cakung
1500,OSM non-kuliner,WorldPop dikalibrasi data resmi,semua,4110354.765000566,1238920.970173597,False,Cakung; Kalideres; Duren Sawit; Cilincing; Cengkareng; Penjaringan; Kramat Jati; Kebon Jeruk; Cipayung,Jatinegara; Duren Sawit; Kalideres; Kramat Jati; Cengkareng; Duren Sawit; Cakung; Kalideres; Cilincing
1500,OSM ruang kreatif publik,WorldPop,data memadai,4412605.971551173,1215616.790638187,False,Cakung; Kalideres; Duren Sawit; Cengkareng; Penjaringan; Cilincing; Pasar Rebo; Pesanggrahan; Pulo Gadung,Duren Sawit; Kalideres; Cakung; Pulo Gadung; Cengkareng; Pesanggrahan; Kalideres; Cengkareng; Pulo Gadung
1500,OSM ruang kreatif publik,WorldPop,semua,4599452.632455581,1255296.2692220807,False,Cakung; Duren Sawit; Kalideres; Cengkareng; Penjaringan; Cilincing; Pesanggrahan; Pasar Rebo; Pulo Gadung,Duren Sawit; Duren Sawit; Kalideres; Pulo Gadung; Cengkareng; Kebon Jeruk; Cengkareng; Cakung; Penjaringan
1500,OSM ruang kreatif publik,WorldPop dikalibrasi data resmi,data memadai,4398527.741440836,1225234.4230937036,False,Cakung; Kalideres; Cengkareng; Duren Sawit; Cilincing; Penjaringan; Pasar Rebo; Pesanggrahan; Pulo Gadung,Jatinegara; Cakung; Kalideres; Cengkareng; Cengkareng; Duren Sawit; Pesanggrahan; Kalideres; Koja
1500,OSM ruang kreatif publik,WorldPop dikalibrasi data resmi,semua,4586083.010240157,1264981.3963960386,False,Cakung; Kalideres; Cengkareng; Duren Sawit; Cilincing; Penjaringan; Pesanggrahan; Pasar Rebo; Koja,Cengkareng; Jatinegara; Duren Sawit; Kalideres; Cengkareng; Koja; Cakung; Duren Sawit; Pesanggrahan
1500,Overture non-kuliner,WorldPop,data memadai,1195676.4383228002,537671.4383359209,True,Kalideres; Cilincing; Cakung; Cipayung; Cengkareng; Ciracas; Koja; Tanjung Priok; Makasar,Kalideres; Cakung; Cakung; Cilincing; Kalideres; Cengkareng; Cipayung; Kalideres; Penjaringan
1500,Overture non-kuliner,WorldPop,semua,1195921.8544757543,537823.1506817595,True,Kalideres; Cilincing; Cakung; Cipayung; Cengkareng; Ciracas; Koja; Tanjung Priok; Makasar,Kalideres; Cakung; Cakung; Koja; Kalideres; Cengkareng; Cipayung; Kalideres; Penjaringan
1500,Overture non-kuliner,WorldPop dikalibrasi data resmi,data memadai,1328822.2027190553,682376.0937838939,True,Cilincing; Kalideres; Cakung; Koja; Cengkareng; Cipayung; Ciracas; Tanjung Priok; Makasar,Koja; Kalideres; Koja; Cakung; Cakung; Cengkareng; Koja; Cilincing; Kalideres
1500,Overture non-kuliner,WorldPop dikalibrasi data resmi,semua,1366440.0747996008,713803.8891355037,True,Cilincing; Kalideres; Koja; Cakung; Cengkareng; Cipayung; Ciracas; Tanjung Priok; Makasar,Koja; Kalideres; Cakung; Cakung; Koja; Cengkareng; Cilincing; Cilincing; Kalideres
1500,Overture ruang kreatif publik,WorldPop,data memadai,1804840.3967075055,790437.2368902864,True,Cakung; Kalideres; Cengkareng; Cilincing; Kembangan; Cipayung; Penjaringan; Duren Sawit; Tanjung Priok,Cakung; Cengkareng; Kalideres; Kalideres; Cakung; Penjaringan; Kalideres; Cakung; Cilincing
1500,Overture ruang kreatif publik,WorldPop,semua,1842760.4685191815,790437.2368902864,True,Cakung; Kalideres; Cengkareng; Cilincing; Kembangan; Cipayung; Duren Sawit; Penjaringan; Tanjung Priok,Cakung; Cengkareng; Kalideres; Kalideres; Cakung; Penjaringan; Kalideres; Cakung; Cilincing
1500,Overture ruang kreatif publik,WorldPop dikalibrasi data resmi,data memadai,1694861.9690435203,833706.8864374479,True,Cakung; Kalideres; Cengkareng; Cilincing; Koja; Cipayung; Tanjung Priok; Ciracas; Penjaringan,Cakung; Cengkareng; Koja; Cengkareng; Kalideres; Cakung; Kalideres; Cakung; Cengkareng
1500,Overture ruang kreatif publik,WorldPop dikalibrasi data resmi,semua,1721355.4471932335,841990.493623511,True,Cakung; Kalideres; Cengkareng; Cilincing; Koja; Cipayung; Tanjung Priok; Ciracas; Penjaringan,Cakung; Koja; Cengkareng; Cengkareng; Kalideres; Cakung; Kalideres; Cakung; Cengkareng
1500,gabungan non-kuliner,WorldPop,data memadai,1144636.8230870694,542217.4155622656,True,Kalideres; Cilincing; Cakung; Cipayung; Cengkareng; Ciracas; Makasar; Penjaringan; Koja,Kalideres; Cakung; Cakung; Cilincing; Kalideres; Cipayung; Kalideres; Penjaringan; Kelapa Gading
1500,gabungan non-kuliner,WorldPop,semua,1144636.8230870694,542217.4155622656,True,Kalideres; Cilincing; Cakung; Cipayung; Cengkareng; Ciracas; Makasar; Penjaringan; Koja,Kalideres; Cakung; Cakung; Cilincing; Kalideres; Cipayung; Kalideres; Penjaringan; Kelapa Gading
1500,gabungan non-kuliner,WorldPop dikalibrasi data resmi,data memadai,1253913.3349930365,647961.1042150506,True,Cilincing; Kalideres; Cakung; Koja; Cipayung; Cengkareng; Ciracas; Makasar; Tanjung Priok,Koja; Kalideres; Cakung; Cakung; Cilincing; Kalideres; Cengkareng; Kalideres; Cilincing
1500,gabungan non-kuliner,WorldPop dikalibrasi data resmi,semua,1272073.4213963263,667402.2329949511,True,Cilincing; Kalideres; Cakung; Koja; Cipayung; Cengkareng; Ciracas; Makasar; Tanjung Priok,Koja; Kalideres; Cakung; Cilincing; Cakung; Kalideres; Cengkareng; Kalideres; Cilincing
1500,gabungan ruang kreatif publik,WorldPop,data memadai,1831405.3826894558,813739.8445030714,True,Cakung; Kalideres; Cengkareng; Cilincing; Kembangan; Cipayung; Duren Sawit; Penjaringan; Tanjung Priok,Cakung; Cengkareng; Kalideres; Kalideres; Penjaringan; Cakung; Kalideres; Cilincing; Cakung
1500,gabungan ruang kreatif publik,WorldPop,semua,1875600.1530256069,814834.5852076078,True,Cakung; Kalideres; Cengkareng; Cilincing; Kembangan; Cipayung; Duren Sawit; Penjaringan; Tanjung Priok,Cakung; Cengkareng; Kalideres; Kalideres; Penjaringan; Cakung; Kalideres; Duren Sawit; Cilincing
1500,gabungan ruang kreatif publik,WorldPop dikalibrasi data resmi,data memadai,1740477.6258037328,848936.8263877705,True,Cakung; Kalideres; Cengkareng; Cilincing; Koja; Cipayung; Tanjung Priok; Penjaringan; Duren Sawit,Cakung; Cengkareng; Koja; Cengkareng; Kalideres; Kalideres; Cakung; Cakung; Cengkareng
1500,gabungan ruang kreatif publik,WorldPop dikalibrasi data resmi,semua,1766633.5971497814,854457.3911883989,True,Cakung; Kalideres; Cengkareng; Cilincing; Koja; Cipayung; Tanjung Priok; Penjaringan; Duren Sawit,Cakung; Cengkareng; Koja; Cengkareng; Kalideres; Kalideres; Cakung; Cakung; Tambora
2500,OSM non-kuliner,WorldPop,data memadai,3365167.354683607,2122066.5731060575,False,Cakung; Duren Sawit; Kalideres; Kembangan; Penjaringan; Cilincing; Makasar; Pulo Gadung; Jagakarsa,Duren Sawit; Cakung; Kalideres; Cipayung; Kembangan; Pulo Gadung; Kalideres; Kramat Jati; Penjaringan
2500,OSM non-kuliner,WorldPop,semua,3485323.3046562364,2196251.0597037403,False,Duren Sawit; Cakung; Kalideres; Kembangan; Penjaringan; Cilincing; Makasar; Pulo Gadung; Jagakarsa,Duren Sawit; Cakung; Kalideres; Kembangan; Cipayung; Pulo Gadung; Kramat Jati; Kalideres; Penjaringan
2500,OSM non-kuliner,WorldPop dikalibrasi data resmi,data memadai,3218507.663539127,2095073.2863050464,False,Cakung; Duren Sawit; Kalideres; Cilincing; Penjaringan; Jagakarsa; Pulo Gadung; Makasar; Jatinegara,Jatinegara; Cakung; Kalideres; Makasar; Cipayung; Cilincing; Makasar; Kalideres; Penjaringan
2500,OSM non-kuliner,WorldPop dikalibrasi data resmi,semua,3328437.721367073,2136691.398178326,False,Cakung; Duren Sawit; Kalideres; Cilincing; Penjaringan; Jagakarsa; Pulo Gadung; Makasar; Jatinegara,Duren Sawit; Cakung; Kalideres; Kramat Jati; Cipayung; Pulo Gadung; Cilincing; Kalideres; Penjaringan
2500,OSM ruang kreatif publik,WorldPop,data memadai,3505509.558968111,2213093.4981395407,False,Duren Sawit; Kalideres; Cakung; Cengkareng; Cilincing; Penjaringan; Pulo Gadung; Pesanggrahan; Pasar Rebo,Duren Sawit; Kalideres; Cengkareng; Koja; Cakung; Pesanggrahan; Pulo Gadung; Kalideres; Duren Sawit
2500,OSM ruang kreatif publik,WorldPop,semua,3613013.4414129695,2332434.7991274125,False,Duren Sawit; Kalideres; Cakung; Cengkareng; Cilincing; Penjaringan; Pulo Gadung; Pesanggrahan; Pasar Rebo,Duren Sawit; Kalideres; Koja; Cengkareng; Cakung; Pesanggrahan; Pulo Gadung; Penjaringan; Kalideres
2500,OSM ruang kreatif publik,WorldPop dikalibrasi data resmi,data memadai,3682134.1353489254,2328083.308436869,False,Cakung; Cengkareng; Kalideres; Duren Sawit; Cilincing; Penjaringan; Koja; Pesanggrahan; Pasar Rebo,Cengkareng; Duren Sawit; Koja; Cakung; Cakung; Pesanggrahan; Cengkareng; Kalideres; Pulo Gadung
2500,OSM ruang kreatif publik,WorldPop dikalibrasi data resmi,semua,3793178.6220805664,2412056.7173837894,False,Cakung; Cengkareng; Kalideres; Duren Sawit; Cilincing; Koja; Penjaringan; Pesanggrahan; Pasar Rebo,Cengkareng; Duren Sawit; Koja; Cakung; Pesanggrahan; Cakung; Cengkareng; Kalideres; Pulo Gadung
2500,Overture non-kuliner,WorldPop,data memadai,748789.649841962,672245.9806146652,True,Cilincing; Kalideres; Cipayung; Cakung; Tanjung Priok; Koja; Ciracas; Cengkareng; Pademangan,Kalideres; Cilincing; Cakung; Cilincing; Cipayung; Tanjung Priok; Cilincing; Cipayung; Ciracas
2500,Overture non-kuliner,WorldPop,semua,749039.6886755802,672245.9806146652,True,Cilincing; Kalideres; Cipayung; Cakung; Tanjung Priok; Koja; Ciracas; Cengkareng; Pademangan,Kalideres; Cilincing; Cakung; Cilincing; Cipayung; Tanjung Priok; Cilincing; Cipayung; Ciracas
2500,Overture non-kuliner,WorldPop dikalibrasi data resmi,data memadai,1109652.6812099642,974670.5902702035,True,Cilincing; Kalideres; Koja; Cakung; Cipayung; Tanjung Priok; Ciracas; Cengkareng; Pademangan,Koja; Cakung; Kalideres; Tanjung Priok; Cipayung; Cilincing; Cakung; Cilincing; Ciracas
2500,Overture non-kuliner,WorldPop dikalibrasi data resmi,semua,1155839.4453496672,1020857.3544099063,True,Cilincing; Koja; Kalideres; Cakung; Cipayung; Tanjung Priok; Ciracas; Cengkareng; Pademangan,Koja; Cakung; Kalideres; Tanjung Priok; Cipayung; Cilincing; Cakung; Cilincing; Ciracas
2500,Overture ruang kreatif publik,WorldPop,data memadai,1602898.157491603,1323197.2872871987,True,Cakung; Kalideres; Cengkareng; Cilincing; Cipayung; Kembangan; Duren Sawit; Ciracas; Pesanggrahan,Cakung; Kalideres; Kalideres; Cengkareng; Cipayung; Cakung; Cilincing; Koja; Cakung
2500,Overture ruang kreatif publik,WorldPop,semua,1644840.5468539381,1355450.9578333914,True,Cakung; Kalideres; Cengkareng; Cilincing; Cipayung; Kembangan; Duren Sawit; Ciracas; Pesanggrahan,Cakung; Kalideres; Kalideres; Cengkareng; Cipayung; Cakung; Cilincing; Pesanggrahan; Koja
2500,Overture ruang kreatif publik,WorldPop dikalibrasi data resmi,data memadai,1837654.935948811,1570683.9449961502,True,Cakung; Kalideres; Cilincing; Cengkareng; Koja; Cipayung; Tanjung Priok; Ciracas; Pasar Rebo,Cakung; Koja; Kalideres; Kalideres; Cengkareng; Cakung; Cipayung; Tanjung Priok; Cilincing
2500,Overture ruang kreatif publik,WorldPop dikalibrasi data resmi,semua,1903542.1200551363,1627640.8220754121,True,Cakung; Kalideres; Cilincing; Cengkareng; Koja; Cipayung; Tanjung Priok; Ciracas; Pasar Rebo,Koja; Cakung; Kalideres; Kalideres; Cengkareng; Cakung; Cipayung; Tanjung Priok; Cilincing
2500,gabungan non-kuliner,WorldPop,data memadai,682326.9306189457,615100.868333761,True,Cilincing; Kalideres; Cakung; Cipayung; Tanjung Priok; Koja; Pademangan; Ciracas; Makasar,Kalideres; Cakung; Cilincing; Cipayung; Cilincing; Cakung; Tanjung Priok; Cakung; Kalideres
2500,gabungan non-kuliner,WorldPop,semua,682326.9306189457,615100.868333761,True,Cilincing; Kalideres; Cakung; Cipayung; Tanjung Priok; Koja; Pademangan; Ciracas; Makasar,Kalideres; Cakung; Cilincing; Cipayung; Cilincing; Cakung; Tanjung Priok; Cakung; Kalideres
2500,gabungan non-kuliner,WorldPop dikalibrasi data resmi,data memadai,999417.4015600141,901746.4225069047,True,Cilincing; Kalideres; Cakung; Koja; Cipayung; Tanjung Priok; Ciracas; Pademangan; Cengkareng,Koja; Cakung; Kalideres; Cakung; Cilincing; Tanjung Priok; Cipayung; Cilincing; Kalideres
2500,gabungan non-kuliner,WorldPop dikalibrasi data resmi,semua,1037802.6049721846,940131.6259190752,True,Cilincing; Kalideres; Cakung; Koja; Cipayung; Tanjung Priok; Ciracas; Pademangan; Cengkareng,Koja; Cakung; Kalideres; Cakung; Cilincing; Tanjung Priok; Cipayung; Cilincing; Kalideres
2500,gabungan ruang kreatif publik,WorldPop,data memadai,1620555.651824823,1343593.9929074452,True,Cakung; Kalideres; Cengkareng; Cilincing; Cipayung; Duren Sawit; Kembangan; Pesanggrahan; Tanjung Priok,Cakung; Kalideres; Kalideres; Cengkareng; Cakung; Cipayung; Cilincing; Pesanggrahan; Koja
2500,gabungan ruang kreatif publik,WorldPop,semua,1667079.9840429933,1379643.2091435597,True,Cakung; Kalideres; Cengkareng; Cilincing; Cipayung; Duren Sawit; Kembangan; Pesanggrahan; Tanjung Priok,Cakung; Kalideres; Kalideres; Cengkareng; Cakung; Cipayung; Cilincing; Pesanggrahan; Koja
2500,gabungan ruang kreatif publik,WorldPop dikalibrasi data resmi,data memadai,1831720.1968067556,1572225.9669286285,True,Cakung; Kalideres; Cilincing; Cengkareng; Koja; Cipayung; Tanjung Priok; Pasar Rebo; Duren Sawit,Cakung; Kalideres; Koja; Cengkareng; Kalideres; Cakung; Tanjung Priok; Cipayung; Cilincing
2500,gabungan ruang kreatif publik,WorldPop dikalibrasi data resmi,semua,1899502.454103889,1631374.194265167,True,Cakung; Kalideres; Cilincing; Cengkareng; Koja; Cipayung; Tanjung Priok; Duren Sawit; Pasar Rebo,Cakung; Koja; Kalideres; Cengkareng; Kalideres; Cakung; Tanjung Priok; Cipayung; Cilincing
