kecamatan,kebutuhan,terjangkau,pct_terjangkau,status
Cakung,367891.6381,294671.8795,0.801,Prioritas utama
Kalideres,315005.5956,192734.3279,0.6118,Prioritas utama
Cengkareng,304741.4377,246154.3947,0.8077,Prioritas utama
Cilincing,261762.1731,66819.3122,0.2553,Prioritas utama
Koja,100906.0854,41118.4455,0.4075,Prioritas lanjutan
Cipayung,74798.4696,0.0,0.0,Prioritas utama
Tanjung Priok,54733.7197,0.0,0.0,Prioritas utama
Penjaringan,48372.7646,3604.5,0.0745,-
Duren Sawit,44758.6399,0.0,0.0,-
Pasar Rebo,37361.4293,0.0,0.0,-
Pesanggrahan,35822.7992,0.0,0.0,-
Ciracas,28721.7067,0.0,0.0,Prioritas lanjutan
Tambora,25545.9371,0.0,0.0,-
Kembangan,13014.2855,3606.9797,0.2772,-
Grogol Petamburan,11397.3755,0.0,0.0,-
Makasar,6894.0829,0.0,0.0,-
Pademangan,4287.1033,0.0,0.0,-
Kelapa Gading,3548.7398,226.9869,0.064,-
Jagakarsa,628.9219,0.0,0.0,-
Pulo Gadung,284.7209,0.0,0.0,-
Gambir,0.0,0.0,0.0,-
Palmerah,0.0,0.0,0.0,-
Kebon Jeruk,0.0,0.0,0.0,-
Cempaka Putih,0.0,0.0,0.0,-
Taman Sari,0.0,0.0,0.0,-
Menteng,0.0,0.0,0.0,-
Tebet,0.0,0.0,0.0,-
Setiabudi,0.0,0.0,0.0,-
Pasar Minggu,0.0,0.0,0.0,-
Pancoran,0.0,0.0,0.0,-
Kebayoran Lama,0.0,0.0,0.0,-
Mampang Prapatan,0.0,0.0,0.0,-
Kebayoran Baru,0.0,0.0,0.0,-
Cilandak,0.0,0.0,0.0,-
Kemayoran,0.0,0.0,0.0,-
Tanah Abang,0.0,0.0,0.0,-
Senen,0.0,0.0,0.0,-
Sawah Besar,0.0,0.0,0.0,-
Johar Baru,0.0,0.0,0.0,-
Matraman,0.0,0.0,0.0,-
Jatinegara,0.0,0.0,0.0,-
Kramat Jati,0.0,0.0,0.0,-
