kecamatan,akses_per100rb_utama,akses_per100rb_tanpa_musik,akses_rendah_utama,akses_rendah_tanpa_musik,frek_top9_utama,frek_top9_tanpa_musik,status_utama,status_tanpa_musik
Cakung,7.5453,4.8729,367891.6381,413499.7156,1.0,1.0,Prioritas utama,Prioritas utama
Kalideres,5.9315,4.377,315005.5956,304763.8576,1.0,1.0,Prioritas utama,Prioritas utama
Cengkareng,7.2539,5.8006,304741.4377,300432.0319,0.9583,0.9167,Prioritas utama,Prioritas utama
Cilincing,7.1073,5.171,261762.1731,333391.4639,1.0,1.0,Prioritas utama,Prioritas utama
Koja,8.1555,5.9235,106299.9512,144711.5709,0.7292,0.7708,Prioritas lanjutan,Prioritas lanjutan
Cipayung,28.8608,23.9763,74798.4696,125235.1087,1.0,1.0,Prioritas utama,Prioritas utama
Tanjung Priok,11.8786,7.7619,54733.7197,146138.1756,0.9167,1.0,Prioritas utama,Prioritas utama
Penjaringan,20.3808,15.0011,48372.7646,79641.2173,0.3542,0.3333,-,-
Duren Sawit,10.1638,8.4858,47893.2646,40442.3817,0.3125,0.0625,-,-
Pasar Rebo,10.7254,7.4746,37361.4293,59193.2781,0.125,0.125,-,-
Pesanggrahan,10.6474,9.0065,35822.7992,21611.8135,0.125,0.0,-,-
Tambora,15.8248,12.4155,32061.0858,28890.8325,0.0417,0.0,-,-
Ciracas,11.5351,8.4453,28721.7067,60824.0691,0.6875,0.9583,Prioritas lanjutan,Prioritas utama
Grogol Petamburan,20.976,16.2045,22509.7076,31649.6028,0.0,0.0,-,-
Kembangan,18.0454,15.0985,13014.2855,30795.8417,0.3333,0.3333,-,-
Makasar,16.3077,12.1946,6894.0829,29403.0908,0.25,0.3333,-,-
Pademangan,22.2282,16.0666,4287.1033,12804.2497,0.1667,0.1667,-,-
Kelapa Gading,40.2271,33.8659,3548.7398,5797.5895,0.0,0.0,-,-
Jagakarsa,15.503,11.6326,628.9219,12014.879,0.0,0.0,-,-
Pulo Gadung,18.0597,14.5665,284.7209,2211.9379,0.0,0.0,-,-
Cempaka Putih,13.5919,11.4978,0.0,0.0,0.0,0.0,-,-
Cilandak,40.3955,35.0312,0.0,0.0,0.0,0.0,-,-
Gambir,54.6316,45.4268,0.0,0.0,0.0,0.0,-,-
Kebon Jeruk,20.9557,18.0721,0.0,803.8332,0.0,0.0,-,-
Johar Baru,24.2797,22.1754,0.0,0.0,0.0,0.0,-,-
Jatinegara,14.681,10.9621,0.0,5889.4871,0.0,0.0,-,-
Menteng,88.6691,80.3819,0.0,0.0,0.0,0.0,-,-
Matraman,15.9848,13.3116,0.0,0.0,0.0,0.0,-,-
Mampang Prapatan,53.7226,46.8052,0.0,0.0,0.0,0.0,-,-
Kramat Jati,17.473,13.6725,0.0,0.0,0.0,0.0,-,-
Kemayoran,20.047,15.4662,0.0,1237.3943,0.0,0.0,-,-
Kebayoran Baru,90.087,80.6389,0.0,0.0,0.0,0.0,-,-
Kebayoran Lama,33.8752,29.2696,0.0,0.0,0.0,0.0,-,-
Pasar Minggu,25.2602,20.8354,0.0,0.0,0.0,0.0,-,-
Pancoran,30.4327,23.0748,0.0,0.0,0.0,0.0,-,-
Palmerah,23.7427,18.0405,0.0,0.0,0.0,0.0,-,-
Sawah Besar,34.6427,27.6191,0.0,0.0,0.0,0.0,-,-
Senen,58.039,53.025,0.0,0.0,0.0,0.0,-,-
Taman Sari,25.3124,20.1678,0.0,0.0,0.0,0.0,-,-
Setiabudi,87.1235,70.9786,0.0,0.0,0.0,0.0,-,-
Tanah Abang,70.7979,59.3336,0.0,0.0,0.0,0.0,-,-
Tebet,32.6143,25.5421,0.0,0.0,0.0,0.0,-,-
