kecamatan,kabkota,penduduk_resmi,tahun_data,sumber
Cengkareng,Jakarta Barat,575401,2025,Registrasi Disdukcapil
Grogol Petamburan,Jakarta Barat,226069,2025,Registrasi Disdukcapil
Kalideres,Jakarta Barat,461389,2025,Registrasi Disdukcapil
Kebon Jeruk,Jakarta Barat,358854,2025,Registrasi Disdukcapil
Kembangan,Jakarta Barat,308493,2025,Registrasi Disdukcapil
Palmerah,Jakarta Barat,222178,2025,Registrasi Disdukcapil
Taman Sari,Jakarta Barat,120531,2025,Registrasi Disdukcapil
Tambora,Jakarta Barat,252941,2025,Registrasi Disdukcapil
Cempaka Putih,Jakarta Pusat,95244,2025,Registrasi Disdukcapil
Gambir,Jakarta Pusat,90046,2025,Registrasi Disdukcapil
Johar Baru,Jakarta Pusat,133317,2025,Registrasi Disdukcapil
Kemayoran,Jakarta Pusat,245806,2025,Registrasi Disdukcapil
Menteng,Jakarta Pusat,84627,2025,Registrasi Disdukcapil
Sawah Besar,Jakarta Pusat,120596,2025,Registrasi Disdukcapil
Senen,Jakarta Pusat,118895,2025,Registrasi Disdukcapil
Tanah Abang,Jakarta Pusat,162546,2025,Registrasi Disdukcapil
Cilandak,Jakarta Selatan,220659,2025,Registrasi Disdukcapil
Jagakarsa,Jakarta Selatan,380002,2025,Registrasi Disdukcapil
Kebayoran Baru,Jakarta Selatan,147172,2025,Registrasi Disdukcapil
Kebayoran Lama,Jakarta Selatan,320880,2025,Registrasi Disdukcapil
Mampang Prapatan,Jakarta Selatan,151352,2025,Registrasi Disdukcapil
Pancoran,Jakarta Selatan,173723,2025,Registrasi Disdukcapil
Pasar Minggu,Jakarta Selatan,323758,2025,Registrasi Disdukcapil
Pesanggrahan,Jakarta Selatan,263379,2025,Registrasi Disdukcapil
Setiabudi,Jakarta Selatan,112890,2025,Registrasi Disdukcapil
Tebet,Jakarta Selatan,229830,2025,Registrasi Disdukcapil
Cakung,Jakarta Timur,582775,2025,Registrasi Disdukcapil
Cipayung,Jakarta Timur,306380,2025,Registrasi Disdukcapil
Ciracas,Jakarta Timur,319431,2025,Registrasi Disdukcapil
Duren Sawit,Jakarta Timur,444385,2025,Registrasi Disdukcapil
Jatinegara,Jakarta Timur,318580,2025,Registrasi Disdukcapil
Kramat Jati,Jakarta Timur,317017,2025,Registrasi Disdukcapil
Makasar,Jakarta Timur,221067,2025,Registrasi Disdukcapil
Matraman,Jakarta Timur,182841,2025,Registrasi Disdukcapil
Pasar Rebo,Jakarta Timur,235851,2025,Registrasi Disdukcapil
Pulo Gadung,Jakarta Timur,296972,2025,Registrasi Disdukcapil
Cilincing,Jakarta Utara,445729,2024,Proyeksi BPS
Kelapa Gading,Jakarta Utara,144911,2024,Proyeksi BPS
Koja,Jakarta Utara,342279,2024,Proyeksi BPS
Pademangan,Jakarta Utara,166587,2024,Proyeksi BPS
Penjaringan,Jakarta Utara,326085,2024,Proyeksi BPS
Tanjung Priok,Jakarta Utara,406441,2024,Proyeksi BPS
